Record Length,2.500000e+03,,  -0.000000980000,-102.00000,
Sample Interval,2.000000e-09,,  -0.000000978000,-100.00000,
Trigger Point,4.900000000000e+02,,  -0.000000976000, -98.00000,
,,,  -0.000000974000,-102.00000,
,,,  -0.000000972000, -98.00000,
,,,  -0.000000970000,-100.00000,
Source,CH2,,  -0.000000968000,-100.00000,
Vertical Units,V,,  -0.000000966000, -98.00000,
Vertical Scale,5.000000e+01,,  -0.000000964000,-100.00000,
Vertical Offset,4.800000e+01,,  -0.000000962000, -98.00000,
Horizontal Units,s,,  -0.000000960000,-102.00000,
Horizontal Scale,5.000000e-07,,  -0.000000958000,-102.00000,
Pt Fmt,Y,,  -0.000000956000,-102.00000,
Yzero,0.000000e+00,,  -0.000000954000,-100.00000,
Probe Atten,1.000000e+01,,  -0.000000952000,-100.00000,
Model Number,TDS1001B,,  -0.000000950000, -98.00000,
Serial Number,C040317,,  -0.000000948000, -98.00000,
Firmware Version,FV:v22.01,,  -0.000000946000, -98.00000,
,,,-00.000000944000,-102.00000,
,,,-00.000000942000,-100.00000,
,,,-00.000000940000,-100.00000,
,,,-00.000000938000, -98.00000,
,,,-00.000000936000,-100.00000,
,,,-00.000000934000,-102.00000,
,,,-00.000000932000, -98.00000,
,,,-00.000000930000,-100.00000,
,,,-00.000000928000,-102.00000,
,,,-00.000000926000,-102.00000,
,,,-00.000000924000, -98.00000,
,,,-00.000000922000,-100.00000,
,,,-00.000000920000,-100.00000,
,,,-00.000000918000,-100.00000,
,,,-00.000000916000, -98.00000,
,,,-00.000000914000,-100.00000,
,,,-00.000000912000, -98.00000,
,,,-00.000000910000,-100.00000,
,,,-00.000000908000,-100.00000,
,,,-00.000000906000, -98.00000,
,,,-00.000000904000, -98.00000,
,,,-00.000000902000,-100.00000,
,,,-00.000000900000, -98.00000,
,,,-00.000000898000,-100.00000,
,,,-00.000000896000,-100.00000,
,,,-00.000000894000, -98.00000,
,,,-00.000000892000,-102.00000,
,,,-00.000000890000,-100.00000,
,,,-00.000000888000, -98.00000,
,,,-00.000000886000, -98.00000,
,,,-00.000000884000, -98.00000,
,,,-00.000000882000, -98.00000,
,,,-00.000000880000,-102.00000,
,,,-00.000000878000,-100.00000,
,,,-00.000000876000,-102.00000,
,,,-00.000000874000,-100.00000,
,,,-00.000000872000, -98.00000,
,,,-00.000000870000, -98.00000,
,,,-00.000000868000,-102.00000,
,,,-00.000000866000, -96.00000,
,,,-00.000000864000, -98.00000,
,,,-00.000000862000,-100.00000,
,,,-00.000000860000,-102.00000,
,,,-00.000000858000,-100.00000,
,,,-00.000000856000,-100.00000,
,,,-00.000000854000,-100.00000,
,,,-00.000000852000,-102.00000,
,,,-00.000000850000, -98.00000,
,,,-00.000000848000, -98.00000,
,,,-00.000000846000, -98.00000,
,,,-00.000000844000,-102.00000,
,,,-00.000000842000,-100.00000,
,,,-00.000000840000, -96.00000,
,,,-00.000000838000,-100.00000,
,,,-00.000000836000,-100.00000,
,,,-00.000000834000, -98.00000,
,,,-00.000000832000, -98.00000,
,,,-00.000000830000,-102.00000,
,,,-00.000000828000,-100.00000,
,,,-00.000000826000,-102.00000,
,,,-00.000000824000, -98.00000,
,,,-00.000000822000, -98.00000,
,,,-00.000000820000,-100.00000,
,,,-00.000000818000, -98.00000,
,,,-00.000000816000, -98.00000,
,,,-00.000000814000, -98.00000,
,,,-00.000000812000,-100.00000,
,,,-00.000000810000,-100.00000,
,,,-00.000000808000, -98.00000,
,,,-00.000000806000,-100.00000,
,,,-00.000000804000,-100.00000,
,,,-00.000000802000, -98.00000,
,,,-00.000000800000,-100.00000,
,,,-00.000000798000, -98.00000,
,,,-00.000000796000,-100.00000,
,,,-00.000000794000,-102.00000,
,,,-00.000000792000,-102.00000,
,,,-00.000000790000, -98.00000,
,,,-00.000000788000,-100.00000,
,,,-00.000000786000, -98.00000,
,,,-00.000000784000, -98.00000,
,,,-00.000000782000,-100.00000,
,,,-00.000000780000,-100.00000,
,,,-00.000000778000, -98.00000,
,,,-00.000000776000,-100.00000,
,,,-00.000000774000,-100.00000,
,,,-00.000000772000, -98.00000,
,,,-00.000000770000,-100.00000,
,,,-00.000000768000,-100.00000,
,,,-00.000000766000, -98.00000,
,,,-00.000000764000,-100.00000,
,,,-00.000000762000,-102.00000,
,,,-00.000000760000,-102.00000,
,,,-00.000000758000,-102.00000,
,,,-00.000000756000,-102.00000,
,,,-00.000000754000, -98.00000,
,,,-00.000000752000, -98.00000,
,,,-00.000000750000, -98.00000,
,,,-00.000000748000,-102.00000,
,,,-00.000000746000,-100.00000,
,,,-00.000000744000,-102.00000,
,,,-00.000000742000,-100.00000,
,,,-00.000000740000,-100.00000,
,,,-00.000000738000,-100.00000,
,,,-00.000000736000,-102.00000,
,,,-00.000000734000, -98.00000,
,,,-00.000000732000, -98.00000,
,,,-00.000000730000,-100.00000,
,,,-00.000000728000,-102.00000,
,,,-00.000000726000, -98.00000,
,,,-00.000000724000,-100.00000,
,,,-00.000000722000,-100.00000,
,,,-00.000000720000,-100.00000,
,,,-00.000000718000,-100.00000,
,,,-00.000000716000, -98.00000,
,,,-00.000000714000,-100.00000,
,,,-00.000000712000,-100.00000,
,,,-00.000000710000, -98.00000,
,,,-00.000000708000,-100.00000,
,,,-00.000000706000,-100.00000,
,,,-00.000000704000, -98.00000,
,,,-00.000000702000, -98.00000,
,,,-00.000000700000,-100.00000,
,,,-00.000000698000,-100.00000,
,,,-00.000000696000,-100.00000,
,,,-00.000000694000,-100.00000,
,,,-00.000000692000, -98.00000,
,,,-00.000000690000, -98.00000,
,,,-00.000000688000,-100.00000,
,,,-00.000000686000,-100.00000,
,,,-00.000000684000, -96.00000,
,,,-00.000000682000,-100.00000,
,,,-00.000000680000,-100.00000,
,,,-00.000000678000,-100.00000,
,,,-00.000000676000, -98.00000,
,,,-00.000000674000, -98.00000,
,,,-00.000000672000,-100.00000,
,,,-00.000000670000, -98.00000,
,,,-00.000000668000, -98.00000,
,,,-00.000000666000, -98.00000,
,,,-00.000000664000,-102.00000,
,,,-00.000000662000,-102.00000,
,,,-00.000000660000, -98.00000,
,,,-00.000000658000,-100.00000,
,,,-00.000000656000,-100.00000,
,,,-00.000000654000,-100.00000,
,,,-00.000000652000,-100.00000,
,,,-00.000000650000,-100.00000,
,,,-00.000000648000, -98.00000,
,,,-00.000000646000,-102.00000,
,,,-00.000000644000,-100.00000,
,,,-00.000000642000, -98.00000,
,,,-00.000000640000,-100.00000,
,,,-00.000000638000,-100.00000,
,,,-00.000000636000, -98.00000,
,,,-00.000000634000,-100.00000,
,,,-00.000000632000,-102.00000,
,,,-00.000000630000,-100.00000,
,,,-00.000000628000,-102.00000,
,,,-00.000000626000, -98.00000,
,,,-00.000000624000, -98.00000,
,,,-00.000000622000,-100.00000,
,,,-00.000000620000, -98.00000,
,,,-00.000000618000,-100.00000,
,,,-00.000000616000,-100.00000,
,,,-00.000000614000,-102.00000,
,,,-00.000000612000,-100.00000,
,,,-00.000000610000, -98.00000,
,,,-00.000000608000,-100.00000,
,,,-00.000000606000, -98.00000,
,,,-00.000000604000, -98.00000,
,,,-00.000000602000,-100.00000,
,,,-00.000000600000, -98.00000,
,,,-00.000000598000,-100.00000,
,,,-00.000000596000,-100.00000,
,,,-00.000000594000,-100.00000,
,,,-00.000000592000,-100.00000,
,,,-00.000000590000, -98.00000,
,,,-00.000000588000, -98.00000,
,,,-00.000000586000, -98.00000,
,,,-00.000000584000,-100.00000,
,,,-00.000000582000,-100.00000,
,,,-00.000000580000, -98.00000,
,,,-00.000000578000,-100.00000,
,,,-00.000000576000, -98.00000,
,,,-00.000000574000,-100.00000,
,,,-00.000000572000,-100.00000,
,,,-00.000000570000,-100.00000,
,,,-00.000000568000, -96.00000,
,,,-00.000000566000,-100.00000,
,,,-00.000000564000,-102.00000,
,,,-00.000000562000,-100.00000,
,,,-00.000000560000,-100.00000,
,,,-00.000000558000,-102.00000,
,,,-00.000000556000, -98.00000,
,,,-00.000000554000, -98.00000,
,,,-00.000000552000, -98.00000,
,,,-00.000000550000,-100.00000,
,,,-00.000000548000,-100.00000,
,,,-00.000000546000,-100.00000,
,,,-00.000000544000, -98.00000,
,,,-00.000000542000,-100.00000,
,,,-00.000000540000,-102.00000,
,,,-00.000000538000,-100.00000,
,,,-00.000000536000, -98.00000,
,,,-00.000000534000, -98.00000,
,,,-00.000000532000,-100.00000,
,,,-00.000000530000,-100.00000,
,,,-00.000000528000, -98.00000,
,,,-00.000000526000,-100.00000,
,,,-00.000000524000,-100.00000,
,,,-00.000000522000,-100.00000,
,,,-00.000000520000,-100.00000,
,,,-00.000000518000, -98.00000,
,,,-00.000000516000,-100.00000,
,,,-00.000000514000,-100.00000,
,,,-00.000000512000,-100.00000,
,,,-00.000000510000, -98.00000,
,,,-00.000000508000, -98.00000,
,,,-00.000000506000, -98.00000,
,,,-00.000000504000, -98.00000,
,,,-00.000000502000,-100.00000,
,,,-00.000000500000,-100.00000,
,,,-00.000000498000, -96.00000,
,,,-00.000000496000,-104.00000,
,,,-00.000000494000,-100.00000,
,,,-00.000000492000, -98.00000,
,,,-00.000000490000,-100.00000,
,,,-00.000000488000,-100.00000,
,,,-00.000000486000,-100.00000,
,,,-00.000000484000,-102.00000,
,,,-00.000000482000,-100.00000,
,,,-00.000000480000,-100.00000,
,,,-00.000000478000,-100.00000,
,,,-00.000000476000, -96.00000,
,,,-00.000000474000,-100.00000,
,,,-00.000000472000,-100.00000,
,,,-00.000000470000,-100.00000,
,,,-00.000000468000, -96.00000,
,,,-00.000000466000,-100.00000,
,,,-00.000000464000,-102.00000,
,,,-00.000000462000, -96.00000,
,,,-00.000000460000,-100.00000,
,,,-00.000000458000,-100.00000,
,,,-00.000000456000, -98.00000,
,,,-00.000000454000,-100.00000,
,,,-00.000000452000, -98.00000,
,,,-00.000000450000,-100.00000,
,,,-00.000000448000,-100.00000,
,,,-00.000000446000,-100.00000,
,,,-00.000000444000, -98.00000,
,,,-00.000000442000,-100.00000,
,,,-00.000000440000, -96.00000,
,,,-00.000000438000,-100.00000,
,,,-00.000000436000, -98.00000,
,,,-00.000000434000,-100.00000,
,,,-00.000000432000, -98.00000,
,,,-00.000000430000,-100.00000,
,,,-00.000000428000,-102.00000,
,,,-00.000000426000,-100.00000,
,,,-00.000000424000,-100.00000,
,,,-00.000000422000, -98.00000,
,,,-00.000000420000,-100.00000,
,,,-00.000000418000,-100.00000,
,,,-00.000000416000,-100.00000,
,,,-00.000000414000, -98.00000,
,,,-00.000000412000, -98.00000,
,,,-00.000000410000,-100.00000,
,,,-00.000000408000, -98.00000,
,,,-00.000000406000,-100.00000,
,,,-00.000000404000, -98.00000,
,,,-00.000000402000, -98.00000,
,,,-00.000000400000,-100.00000,
,,,-00.000000398000,-100.00000,
,,,-00.000000396000,-100.00000,
,,,-00.000000394000, -98.00000,
,,,-00.000000392000,-100.00000,
,,,-00.000000390000,-100.00000,
,,,-00.000000388000,-100.00000,
,,,-00.000000386000,-102.00000,
,,,-00.000000384000,-100.00000,
,,,-00.000000382000,-100.00000,
,,,-00.000000380000,-100.00000,
,,,-00.000000378000, -98.00000,
,,,-00.000000376000,-100.00000,
,,,-00.000000374000,-102.00000,
,,,-00.000000372000, -98.00000,
,,,-00.000000370000, -98.00000,
,,,-00.000000368000,-100.00000,
,,,-00.000000366000,-100.00000,
,,,-00.000000364000,-104.00000,
,,,-00.000000362000,-100.00000,
,,,-00.000000360000, -98.00000,
,,,-00.000000358000, -96.00000,
,,,-00.000000356000,-100.00000,
,,,-00.000000354000, -98.00000,
,,,-00.000000352000,-102.00000,
,,,-00.000000350000,-100.00000,
,,,-00.000000348000,-100.00000,
,,,-00.000000346000,-100.00000,
,,,-00.000000344000,-102.00000,
,,,-00.000000342000,-100.00000,
,,,-00.000000340000,-104.00000,
,,,-00.000000338000, -98.00000,
,,,-00.000000336000, -98.00000,
,,,-00.000000334000,-100.00000,
,,,-00.000000332000,-102.00000,
,,,-00.000000330000,-100.00000,
,,,-00.000000328000,-100.00000,
,,,-00.000000326000,-100.00000,
,,,-00.000000324000,-100.00000,
,,,-00.000000322000,-100.00000,
,,,-00.000000320000,-102.00000,
,,,-00.000000318000, -98.00000,
,,,-00.000000316000,-102.00000,
,,,-00.000000314000,-100.00000,
,,,-00.000000312000, -96.00000,
,,,-00.000000310000,-100.00000,
,,,-00.000000308000,-100.00000,
,,,-00.000000306000, -98.00000,
,,,-00.000000304000,-100.00000,
,,,-00.000000302000, -98.00000,
,,,-00.000000300000,-102.00000,
,,,-00.000000298000,-102.00000,
,,,-00.000000296000, -98.00000,
,,,-00.000000294000, -98.00000,
,,,-00.000000292000, -98.00000,
,,,-00.000000290000,-100.00000,
,,,-00.000000288000, -98.00000,
,,,-00.000000286000,-100.00000,
,,,-00.000000284000, -98.00000,
,,,-00.000000282000,-100.00000,
,,,-00.000000280000, -98.00000,
,,,-00.000000278000, -96.00000,
,,,-00.000000276000,-100.00000,
,,,-00.000000274000,-100.00000,
,,,-00.000000272000, -98.00000,
,,,-00.000000270000,-100.00000,
,,,-00.000000268000,-100.00000,
,,,-00.000000266000,-104.00000,
,,,-00.000000264000,-100.00000,
,,,-00.000000262000, -98.00000,
,,,-00.000000260000, -98.00000,
,,,-00.000000258000,-100.00000,
,,,-00.000000256000,-100.00000,
,,,-00.000000254000,-100.00000,
,,,-00.000000252000,-100.00000,
,,,-00.000000250000,-102.00000,
,,,-00.000000248000,-102.00000,
,,,-00.000000246000, -98.00000,
,,,-00.000000244000,-100.00000,
,,,-00.000000242000,-100.00000,
,,,-00.000000240000,-100.00000,
,,,-00.000000238000,-100.00000,
,,,-00.000000236000,-102.00000,
,,,-00.000000234000, -98.00000,
,,,-00.000000232000,-102.00000,
,,,-00.000000230000,-100.00000,
,,,-00.000000228000, -98.00000,
,,,-00.000000226000,-100.00000,
,,,-00.000000224000, -96.00000,
,,,-00.000000222000,-100.00000,
,,,-00.000000220000,-100.00000,
,,,-00.000000218000,-102.00000,
,,,-00.000000216000, -98.00000,
,,,-00.000000214000, -98.00000,
,,,-00.000000212000, -98.00000,
,,,-00.000000210000, -98.00000,
,,,-00.000000208000,-100.00000,
,,,-00.000000206000,-102.00000,
,,,-00.000000204000, -98.00000,
,,,-00.000000202000, -98.00000,
,,,-00.000000200000,-102.00000,
,,,-00.000000198000,-100.00000,
,,,-00.000000196000,-100.00000,
,,,-00.000000194000,-100.00000,
,,,-00.000000192000,-100.00000,
,,,-00.000000190000, -98.00000,
,,,-00.000000188000,-102.00000,
,,,-00.000000186000,-102.00000,
,,,-00.000000184000,-100.00000,
,,,-00.000000182000,-102.00000,
,,,-00.000000180000, -98.00000,
,,,-00.000000178000, -98.00000,
,,,-00.000000176000,-102.00000,
,,,-00.000000174000,-100.00000,
,,,-00.000000172000, -96.00000,
,,,-00.000000170000,-100.00000,
,,,-00.000000168000, -98.00000,
,,,-00.000000166000,-100.00000,
,,,-00.000000164000,-100.00000,
,,,-00.000000162000,-100.00000,
,,,-00.000000160000, -98.00000,
,,,-00.000000158000,-100.00000,
,,,-00.000000156000,-100.00000,
,,,-00.000000154000,-100.00000,
,,,-00.000000152000,-100.00000,
,,,-00.000000150000,-100.00000,
,,,-00.000000148000,-100.00000,
,,,-00.000000146000,-100.00000,
,,,-00.000000144000,-100.00000,
,,,-00.000000142000,-102.00000,
,,,-00.000000140000, -98.00000,
,,,-00.000000138000, -98.00000,
,,,-00.000000136000,-100.00000,
,,,-00.000000134000,-100.00000,
,,,-00.000000132000, -98.00000,
,,,-00.000000130000,-100.00000,
,,,-00.000000128000,-100.00000,
,,,-00.000000126000,-100.00000,
,,,-00.000000124000,-102.00000,
,,,-00.000000122000, -98.00000,
,,,-00.000000120000,-100.00000,
,,,-00.000000118000,-100.00000,
,,,-00.000000116000, -98.00000,
,,,-00.000000114000, -98.00000,
,,,-00.000000112000,-100.00000,
,,,-00.000000110000,-100.00000,
,,,-00.000000108000, -98.00000,
,,,-00.000000106000, -98.00000,
,,,-00.000000104000,-100.00000,
,,,-00.000000102000,-100.00000,
,,,-00.000000100000,-104.00000,
,,,-00.000000098000,-100.00000,
,,,-00.000000096000, -98.00000,
,,,-00.000000094000,-100.00000,
,,,-00.000000092000,-100.00000,
,,,-00.000000090000, -96.00000,
,,,-00.000000088000,-102.00000,
,,,-00.000000086000, -98.00000,
,,,-00.000000084000,-100.00000,
,,,-00.000000082000,-100.00000,
,,,-00.000000080000,-100.00000,
,,,-00.000000078000,-100.00000,
,,,-00.000000076000,-100.00000,
,,,-00.000000074000, -98.00000,
,,,-00.000000072000,-100.00000,
,,,-00.000000070000,-100.00000,
,,,-00.000000068000,-102.00000,
,,,-00.000000066000,-100.00000,
,,,-00.000000064000,-100.00000,
,,,-00.000000062000,-100.00000,
,,,-00.000000060000,-100.00000,
,,,-00.000000058000,-100.00000,
,,,-00.000000056000, -94.00000,
,,,-00.000000054000, -98.00000,
,,,-00.000000052000,-102.00000,
,,,-00.000000050000,-102.00000,
,,,-00.000000048000, -98.00000,
,,,-00.000000046000,-100.00000,
,,,-00.000000044000, -98.00000,
,,,-00.000000042000, -98.00000,
,,,-00.000000040000,-100.00000,
,,,-00.000000038000,-102.00000,
,,,-00.000000036000,-100.00000,
,,,-00.000000034000,-102.00000,
,,,-00.000000032000,-100.00000,
,,,-00.000000030000, -98.00000,
,,,-00.000000028000,-100.00000,
,,,-00.000000026000, -98.00000,
,,,-00.000000024000, -98.00000,
,,,-00.000000022000, -98.00000,
,,,-00.000000020000,-104.00000,
,,,-00.000000018000, -98.00000,
,,,-00.000000016000, -98.00000,
,,,-00.000000014000,-100.00000,
,,,-00.000000012000,-100.00000,
,,,-00.000000010000,-102.00000,
,,,-00.000000008000,-100.00000,
,,,-00.000000006000, -98.00000,
,,,-00.000000004000,-100.00000,
,,,-00.000000002000,-100.00000,
,,,-00.000000000000,-100.00000,
,,,00.000000002000, -98.00000,
,,,00.000000004000,-100.00000,
,,,00.000000006000, -98.00000,
,,,00.000000008000, -96.00000,
,,,00.000000010000, -94.00000,
,,,00.000000012000, -80.00000,
,,,00.000000014000, -54.00000,
,,,00.000000016000, -18.00000,
,,,00.000000018000,  12.00000,
,,,00.000000020000,  38.00000,
,,,00.000000022000,  60.00000,
,,,00.000000024000,  78.00000,
,,,00.000000026000,  88.00000,
,,,00.000000028000,  90.00000,
,,,00.000000030000,  92.00000,
,,,00.000000032000,  96.00000,
,,,00.000000034000,  96.00000,
,,,00.000000036000,  96.00000,
,,,00.000000038000,  98.00000,
,,,00.000000040000, 100.00000,
,,,00.000000042000,  98.00000,
,,,00.000000044000,  98.00000,
,,,00.000000046000, 100.00000,
,,,00.000000048000, 100.00000,
,,,00.000000050000,  98.00000,
,,,00.000000052000,  96.00000,
,,,00.000000054000,  98.00000,
,,,00.000000056000, 100.00000,
,,,00.000000058000,  98.00000,
,,,00.000000060000,  96.00000,
,,,00.000000062000, 100.00000,
,,,00.000000064000, 100.00000,
,,,00.000000066000,  96.00000,
,,,00.000000068000,  96.00000,
,,,00.000000070000,  96.00000,
,,,00.000000072000,  98.00000,
,,,00.000000074000,  98.00000,
,,,00.000000076000,  98.00000,
,,,00.000000078000, 100.00000,
,,,00.000000080000, 100.00000,
,,,00.000000082000, 102.00000,
,,,00.000000084000,  98.00000,
,,,00.000000086000,  96.00000,
,,,00.000000088000,  98.00000,
,,,00.000000090000,  98.00000,
,,,00.000000092000,  98.00000,
,,,00.000000094000,  96.00000,
,,,00.000000096000,  98.00000,
,,,00.000000098000,  98.00000,
,,,00.000000100000,  98.00000,
,,,00.000000102000,  98.00000,
,,,00.000000104000,  98.00000,
,,,00.000000106000,  98.00000,
,,,00.000000108000,  98.00000,
,,,00.000000110000,  96.00000,
,,,00.000000112000, 100.00000,
,,,00.000000114000, 100.00000,
,,,00.000000116000,  96.00000,
,,,00.000000118000,  98.00000,
,,,00.000000120000,  98.00000,
,,,00.000000122000,  96.00000,
,,,00.000000124000, 100.00000,
,,,00.000000126000,  98.00000,
,,,00.000000128000, 100.00000,
,,,00.000000130000, 104.00000,
,,,00.000000132000,  98.00000,
,,,00.000000134000,  98.00000,
,,,00.000000136000,  98.00000,
,,,00.000000138000,  98.00000,
,,,00.000000140000,  98.00000,
,,,00.000000142000,  98.00000,
,,,00.000000144000,  98.00000,
,,,00.000000146000,  96.00000,
,,,00.000000148000,  98.00000,
,,,00.000000150000,  98.00000,
,,,00.000000152000,  98.00000,
,,,00.000000154000, 100.00000,
,,,00.000000156000,  98.00000,
,,,00.000000158000,  98.00000,
,,,00.000000160000,  98.00000,
,,,00.000000162000,  98.00000,
,,,00.000000164000, 100.00000,
,,,00.000000166000,  94.00000,
,,,00.000000168000,  96.00000,
,,,00.000000170000,  98.00000,
,,,00.000000172000,  98.00000,
,,,00.000000174000,  98.00000,
,,,00.000000176000,  98.00000,
,,,00.000000178000, 100.00000,
,,,00.000000180000, 100.00000,
,,,00.000000182000,  98.00000,
,,,00.000000184000,  98.00000,
,,,00.000000186000,  98.00000,
,,,00.000000188000,  96.00000,
,,,00.000000190000,  96.00000,
,,,00.000000192000,  98.00000,
,,,00.000000194000,  98.00000,
,,,00.000000196000,  98.00000,
,,,00.000000198000,  96.00000,
,,,00.000000200000,  98.00000,
,,,00.000000202000,  98.00000,
,,,00.000000204000,  98.00000,
,,,00.000000206000,  98.00000,
,,,00.000000208000,  98.00000,
,,,00.000000210000,  98.00000,
,,,00.000000212000,  98.00000,
,,,00.000000214000, 100.00000,
,,,00.000000216000,  98.00000,
,,,00.000000218000,  96.00000,
,,,00.000000220000,  98.00000,
,,,00.000000222000, 100.00000,
,,,00.000000224000, 100.00000,
,,,00.000000226000, 100.00000,
,,,00.000000228000, 100.00000,
,,,00.000000230000, 100.00000,
,,,00.000000232000,  96.00000,
,,,00.000000234000,  98.00000,
,,,00.000000236000,  96.00000,
,,,00.000000238000, 100.00000,
,,,00.000000240000,  98.00000,
,,,00.000000242000,  98.00000,
,,,00.000000244000, 100.00000,
,,,00.000000246000,  96.00000,
,,,00.000000248000,  98.00000,
,,,00.000000250000,  96.00000,
,,,00.000000252000,  98.00000,
,,,00.000000254000, 100.00000,
,,,00.000000256000,  98.00000,
,,,00.000000258000,  98.00000,
,,,00.000000260000,  98.00000,
,,,00.000000262000, 102.00000,
,,,00.000000264000,  96.00000,
,,,00.000000266000,  98.00000,
,,,00.000000268000,  98.00000,
,,,00.000000270000, 100.00000,
,,,00.000000272000,  98.00000,
,,,00.000000274000,  98.00000,
,,,00.000000276000,  98.00000,
,,,00.000000278000,  98.00000,
,,,00.000000280000, 100.00000,
,,,00.000000282000,  98.00000,
,,,00.000000284000,  96.00000,
,,,00.000000286000,  98.00000,
,,,00.000000288000,  98.00000,
,,,00.000000290000, 100.00000,
,,,00.000000292000,  98.00000,
,,,00.000000294000,  98.00000,
,,,00.000000296000, 100.00000,
,,,00.000000298000,  98.00000,
,,,00.000000300000,  98.00000,
,,,00.000000302000,  98.00000,
,,,00.000000304000,  98.00000,
,,,00.000000306000,  98.00000,
,,,00.000000308000,  98.00000,
,,,00.000000310000, 100.00000,
,,,00.000000312000, 100.00000,
,,,00.000000314000, 100.00000,
,,,00.000000316000,  98.00000,
,,,00.000000318000,  98.00000,
,,,00.000000320000,  98.00000,
,,,00.000000322000, 102.00000,
,,,00.000000324000,  98.00000,
,,,00.000000326000,  98.00000,
,,,00.000000328000, 104.00000,
,,,00.000000330000,  98.00000,
,,,00.000000332000,  98.00000,
,,,00.000000334000,  96.00000,
,,,00.000000336000,  98.00000,
,,,00.000000338000, 100.00000,
,,,00.000000340000, 100.00000,
,,,00.000000342000,  98.00000,
,,,00.000000344000,  98.00000,
,,,00.000000346000, 100.00000,
,,,00.000000348000, 100.00000,
,,,00.000000350000, 100.00000,
,,,00.000000352000,  98.00000,
,,,00.000000354000,  98.00000,
,,,00.000000356000,  98.00000,
,,,00.000000358000,  98.00000,
,,,00.000000360000, 100.00000,
,,,00.000000362000, 102.00000,
,,,00.000000364000,  96.00000,
,,,00.000000366000,  98.00000,
,,,00.000000368000, 100.00000,
,,,00.000000370000,  98.00000,
,,,00.000000372000, 100.00000,
,,,00.000000374000,  96.00000,
,,,00.000000376000,  98.00000,
,,,00.000000378000, 100.00000,
,,,00.000000380000,  98.00000,
,,,00.000000382000, 100.00000,
,,,00.000000384000,  98.00000,
,,,00.000000386000,  98.00000,
,,,00.000000388000,  98.00000,
,,,00.000000390000,  98.00000,
,,,00.000000392000,  98.00000,
,,,00.000000394000, 100.00000,
,,,00.000000396000,  96.00000,
,,,00.000000398000, 100.00000,
,,,00.000000400000,  98.00000,
,,,00.000000402000,  98.00000,
,,,00.000000404000, 100.00000,
,,,00.000000406000,  98.00000,
,,,00.000000408000, 100.00000,
,,,00.000000410000, 100.00000,
,,,00.000000412000, 100.00000,
,,,00.000000414000,  98.00000,
,,,00.000000416000,  98.00000,
,,,00.000000418000,  98.00000,
,,,00.000000420000,  98.00000,
,,,00.000000422000, 100.00000,
,,,00.000000424000, 100.00000,
,,,00.000000426000, 100.00000,
,,,00.000000428000, 100.00000,
,,,00.000000430000,  98.00000,
,,,00.000000432000, 100.00000,
,,,00.000000434000,  98.00000,
,,,00.000000436000, 100.00000,
,,,00.000000438000,  96.00000,
,,,00.000000440000,  98.00000,
,,,00.000000442000, 100.00000,
,,,00.000000444000,  98.00000,
,,,00.000000446000,  98.00000,
,,,00.000000448000,  98.00000,
,,,00.000000450000,  98.00000,
,,,00.000000452000, 100.00000,
,,,00.000000454000,  98.00000,
,,,00.000000456000,  98.00000,
,,,00.000000458000, 100.00000,
,,,00.000000460000, 102.00000,
,,,00.000000462000,  98.00000,
,,,00.000000464000,  98.00000,
,,,00.000000466000,  98.00000,
,,,00.000000468000,  98.00000,
,,,00.000000470000,  98.00000,
,,,00.000000472000,  98.00000,
,,,00.000000474000, 100.00000,
,,,00.000000476000, 100.00000,
,,,00.000000478000, 102.00000,
,,,00.000000480000, 100.00000,
,,,00.000000482000,  96.00000,
,,,00.000000484000, 100.00000,
,,,00.000000486000,  98.00000,
,,,00.000000488000, 100.00000,
,,,00.000000490000,  98.00000,
,,,00.000000492000, 100.00000,
,,,00.000000494000, 100.00000,
,,,00.000000496000, 100.00000,
,,,00.000000498000,  98.00000,
,,,00.000000500000, 100.00000,
,,,00.000000502000, 102.00000,
,,,00.000000504000, 100.00000,
,,,00.000000506000,  98.00000,
,,,00.000000508000, 100.00000,
,,,00.000000510000, 102.00000,
,,,00.000000512000,  98.00000,
,,,00.000000514000,  98.00000,
,,,00.000000516000, 100.00000,
,,,00.000000518000,  98.00000,
,,,00.000000520000,  98.00000,
,,,00.000000522000,  98.00000,
,,,00.000000524000, 100.00000,
,,,00.000000526000, 100.00000,
,,,00.000000528000,  98.00000,
,,,00.000000530000, 100.00000,
,,,00.000000532000,  98.00000,
,,,00.000000534000, 100.00000,
,,,00.000000536000,  96.00000,
,,,00.000000538000,  98.00000,
,,,00.000000540000,  96.00000,
,,,00.000000542000,  98.00000,
,,,00.000000544000, 100.00000,
,,,00.000000546000, 100.00000,
,,,00.000000548000,  98.00000,
,,,00.000000550000,  98.00000,
,,,00.000000552000, 100.00000,
,,,00.000000554000,  98.00000,
,,,00.000000556000,  98.00000,
,,,00.000000558000, 100.00000,
,,,00.000000560000, 102.00000,
,,,00.000000562000,  98.00000,
,,,00.000000564000,  98.00000,
,,,00.000000566000, 102.00000,
,,,00.000000568000,  98.00000,
,,,00.000000570000, 100.00000,
,,,00.000000572000,  98.00000,
,,,00.000000574000, 100.00000,
,,,00.000000576000, 100.00000,
,,,00.000000578000,  98.00000,
,,,00.000000580000,  98.00000,
,,,00.000000582000, 102.00000,
,,,00.000000584000,  96.00000,
,,,00.000000586000,  98.00000,
,,,00.000000588000, 100.00000,
,,,00.000000590000,  98.00000,
,,,00.000000592000,  98.00000,
,,,00.000000594000,  96.00000,
,,,00.000000596000,  98.00000,
,,,00.000000598000,  98.00000,
,,,00.000000600000, 100.00000,
,,,00.000000602000, 100.00000,
,,,00.000000604000, 100.00000,
,,,00.000000606000, 100.00000,
,,,00.000000608000, 100.00000,
,,,00.000000610000, 100.00000,
,,,00.000000612000,  98.00000,
,,,00.000000614000,  96.00000,
,,,00.000000616000,  98.00000,
,,,00.000000618000,  96.00000,
,,,00.000000620000, 100.00000,
,,,00.000000622000, 100.00000,
,,,00.000000624000, 100.00000,
,,,00.000000626000, 100.00000,
,,,00.000000628000,  96.00000,
,,,00.000000630000,  98.00000,
,,,00.000000632000,  98.00000,
,,,00.000000634000, 100.00000,
,,,00.000000636000,  98.00000,
,,,00.000000638000,  96.00000,
,,,00.000000640000, 100.00000,
,,,00.000000642000, 100.00000,
,,,00.000000644000,  96.00000,
,,,00.000000646000,  98.00000,
,,,00.000000648000,  98.00000,
,,,00.000000650000, 100.00000,
,,,00.000000652000,  98.00000,
,,,00.000000654000,  98.00000,
,,,00.000000656000, 100.00000,
,,,00.000000658000, 100.00000,
,,,00.000000660000,  98.00000,
,,,00.000000662000,  98.00000,
,,,00.000000664000,  98.00000,
,,,00.000000666000,  98.00000,
,,,00.000000668000,  98.00000,
,,,00.000000670000,  98.00000,
,,,00.000000672000,  98.00000,
,,,00.000000674000, 100.00000,
,,,00.000000676000, 104.00000,
,,,00.000000678000, 100.00000,
,,,00.000000680000, 100.00000,
,,,00.000000682000, 100.00000,
,,,00.000000684000,  96.00000,
,,,00.000000686000, 100.00000,
,,,00.000000688000,  98.00000,
,,,00.000000690000, 100.00000,
,,,00.000000692000, 100.00000,
,,,00.000000694000,  98.00000,
,,,00.000000696000, 100.00000,
,,,00.000000698000, 100.00000,
,,,00.000000700000, 100.00000,
,,,00.000000702000,  98.00000,
,,,00.000000704000, 100.00000,
,,,00.000000706000, 102.00000,
,,,00.000000708000, 100.00000,
,,,00.000000710000,  98.00000,
,,,00.000000712000,  98.00000,
,,,00.000000714000,  98.00000,
,,,00.000000716000, 100.00000,
,,,00.000000718000,  98.00000,
,,,00.000000720000,  98.00000,
,,,00.000000722000,  98.00000,
,,,00.000000724000, 100.00000,
,,,00.000000726000, 100.00000,
,,,00.000000728000,  96.00000,
,,,00.000000730000,  98.00000,
,,,00.000000732000,  96.00000,
,,,00.000000734000,  96.00000,
,,,00.000000736000, 100.00000,
,,,00.000000738000, 100.00000,
,,,00.000000740000, 100.00000,
,,,00.000000742000, 100.00000,
,,,00.000000744000,  98.00000,
,,,00.000000746000, 100.00000,
,,,00.000000748000, 100.00000,
,,,00.000000750000, 100.00000,
,,,00.000000752000,  98.00000,
,,,00.000000754000, 100.00000,
,,,00.000000756000, 100.00000,
,,,00.000000758000, 102.00000,
,,,00.000000760000,  98.00000,
,,,00.000000762000,  98.00000,
,,,00.000000764000,  98.00000,
,,,00.000000766000,  98.00000,
,,,00.000000768000, 100.00000,
,,,00.000000770000,  96.00000,
,,,00.000000772000,  98.00000,
,,,00.000000774000, 100.00000,
,,,00.000000776000,  98.00000,
,,,00.000000778000,  98.00000,
,,,00.000000780000, 100.00000,
,,,00.000000782000,  98.00000,
,,,00.000000784000,  98.00000,
,,,00.000000786000, 100.00000,
,,,00.000000788000,  98.00000,
,,,00.000000790000,  98.00000,
,,,00.000000792000,  96.00000,
,,,00.000000794000,  98.00000,
,,,00.000000796000, 100.00000,
,,,00.000000798000,  98.00000,
,,,00.000000800000,  98.00000,
,,,00.000000802000, 100.00000,
,,,00.000000804000, 100.00000,
,,,00.000000806000,  98.00000,
,,,00.000000808000, 100.00000,
,,,00.000000810000,  98.00000,
,,,00.000000812000,  96.00000,
,,,00.000000814000,  98.00000,
,,,00.000000816000, 102.00000,
,,,00.000000818000, 100.00000,
,,,00.000000820000,  98.00000,
,,,00.000000822000,  98.00000,
,,,00.000000824000, 100.00000,
,,,00.000000826000,  96.00000,
,,,00.000000828000,  98.00000,
,,,00.000000830000,  98.00000,
,,,00.000000832000,  98.00000,
,,,00.000000834000,  98.00000,
,,,00.000000836000, 100.00000,
,,,00.000000838000,  98.00000,
,,,00.000000840000, 100.00000,
,,,00.000000842000,  98.00000,
,,,00.000000844000,  98.00000,
,,,00.000000846000,  98.00000,
,,,00.000000848000, 100.00000,
,,,00.000000850000,  98.00000,
,,,00.000000852000,  96.00000,
,,,00.000000854000, 100.00000,
,,,00.000000856000, 100.00000,
,,,00.000000858000,  98.00000,
,,,00.000000860000,  96.00000,
,,,00.000000862000,  96.00000,
,,,00.000000864000,  98.00000,
,,,00.000000866000,  98.00000,
,,,00.000000868000,  98.00000,
,,,00.000000870000, 100.00000,
,,,00.000000872000,  98.00000,
,,,00.000000874000, 102.00000,
,,,00.000000876000, 102.00000,
,,,00.000000878000, 100.00000,
,,,00.000000880000,  98.00000,
,,,00.000000882000,  98.00000,
,,,00.000000884000,  98.00000,
,,,00.000000886000,  98.00000,
,,,00.000000888000, 100.00000,
,,,00.000000890000, 100.00000,
,,,00.000000892000,  98.00000,
,,,00.000000894000, 100.00000,
,,,00.000000896000,  98.00000,
,,,00.000000898000,  98.00000,
,,,00.000000900000,  98.00000,
,,,00.000000902000,  98.00000,
,,,00.000000904000, 100.00000,
,,,00.000000906000, 100.00000,
,,,00.000000908000,  98.00000,
,,,00.000000910000,  98.00000,
,,,00.000000912000,  98.00000,
,,,00.000000914000,  98.00000,
,,,00.000000916000, 100.00000,
,,,00.000000918000, 100.00000,
,,,00.000000920000,  96.00000,
,,,00.000000922000, 100.00000,
,,,00.000000924000,  96.00000,
,,,00.000000926000,  98.00000,
,,,00.000000928000,  98.00000,
,,,00.000000930000,  98.00000,
,,,00.000000932000,  98.00000,
,,,00.000000934000,  98.00000,
,,,00.000000936000,  98.00000,
,,,00.000000938000,  98.00000,
,,,00.000000940000,  98.00000,
,,,00.000000942000, 102.00000,
,,,00.000000944000, 100.00000,
,,,00.000000946000, 100.00000,
,,,00.000000948000,  98.00000,
,,,00.000000950000, 100.00000,
,,,00.000000952000, 100.00000,
,,,00.000000954000,  98.00000,
,,,00.000000956000, 100.00000,
,,,00.000000958000,  96.00000,
,,,00.000000960000,  98.00000,
,,,00.000000962000, 100.00000,
,,,00.000000964000,  98.00000,
,,,00.000000966000,  98.00000,
,,,00.000000968000,  96.00000,
,,,00.000000970000,  98.00000,
,,,00.000000972000, 100.00000,
,,,00.000000974000,  98.00000,
,,,00.000000976000,  98.00000,
,,,00.000000978000,  98.00000,
,,,00.000000980000,  98.00000,
,,,00.000000982000,  98.00000,
,,,00.000000984000,  98.00000,
,,,00.000000986000,  98.00000,
,,,00.000000988000, 100.00000,
,,,00.000000990000,  94.00000,
,,,00.000000992000,  98.00000,
,,,00.000000994000, 100.00000,
,,,00.000000996000,  98.00000,
,,,00.000000998000,  98.00000,
,,,00.000001000000,  98.00000,
,,,00.000001002000, 100.00000,
,,,00.000001004000, 100.00000,
,,,00.000001006000, 100.00000,
,,,00.000001008000, 100.00000,
,,,00.000001010000,  98.00000,
,,,00.000001012000,  98.00000,
,,,00.000001014000,  98.00000,
,,,00.000001016000, 100.00000,
,,,00.000001018000,  96.00000,
,,,00.000001020000,  98.00000,
,,,00.000001022000, 102.00000,
,,,00.000001024000,  98.00000,
,,,00.000001026000,  98.00000,
,,,00.000001028000,  96.00000,
,,,00.000001030000, 100.00000,
,,,00.000001032000,  98.00000,
,,,00.000001034000,  98.00000,
,,,00.000001036000, 100.00000,
,,,00.000001038000,  98.00000,
,,,00.000001040000,  98.00000,
,,,00.000001042000, 100.00000,
,,,00.000001044000, 100.00000,
,,,00.000001046000,  98.00000,
,,,00.000001048000,  98.00000,
,,,00.000001050000,  98.00000,
,,,00.000001052000, 100.00000,
,,,00.000001054000, 100.00000,
,,,00.000001056000,  98.00000,
,,,00.000001058000,  98.00000,
,,,00.000001060000,  98.00000,
,,,00.000001062000,  98.00000,
,,,00.000001064000,  96.00000,
,,,00.000001066000,  96.00000,
,,,00.000001068000,  98.00000,
,,,00.000001070000,  98.00000,
,,,00.000001072000, 100.00000,
,,,00.000001074000, 100.00000,
,,,00.000001076000,  98.00000,
,,,00.000001078000,  98.00000,
,,,00.000001080000,  98.00000,
,,,00.000001082000, 100.00000,
,,,00.000001084000,  98.00000,
,,,00.000001086000, 100.00000,
,,,00.000001088000,  98.00000,
,,,00.000001090000,  98.00000,
,,,00.000001092000,  98.00000,
,,,00.000001094000,  98.00000,
,,,00.000001096000,  98.00000,
,,,00.000001098000,  98.00000,
,,,00.000001100000,  98.00000,
,,,00.000001102000,  98.00000,
,,,00.000001104000, 102.00000,
,,,00.000001106000,  96.00000,
,,,00.000001108000,  96.00000,
,,,00.000001110000,  98.00000,
,,,00.000001112000, 100.00000,
,,,00.000001114000,  98.00000,
,,,00.000001116000,  98.00000,
,,,00.000001118000,  98.00000,
,,,00.000001120000, 100.00000,
,,,00.000001122000,  98.00000,
,,,00.000001124000,  98.00000,
,,,00.000001126000,  96.00000,
,,,00.000001128000,  98.00000,
,,,00.000001130000,  96.00000,
,,,00.000001132000, 100.00000,
,,,00.000001134000,  98.00000,
,,,00.000001136000, 100.00000,
,,,00.000001138000,  98.00000,
,,,00.000001140000, 100.00000,
,,,00.000001142000, 100.00000,
,,,00.000001144000, 100.00000,
,,,00.000001146000,  98.00000,
,,,00.000001148000,  98.00000,
,,,00.000001150000,  98.00000,
,,,00.000001152000,  98.00000,
,,,00.000001154000, 102.00000,
,,,00.000001156000,  96.00000,
,,,00.000001158000,  96.00000,
,,,00.000001160000, 100.00000,
,,,00.000001162000,  98.00000,
,,,00.000001164000,  96.00000,
,,,00.000001166000,  98.00000,
,,,00.000001168000,  98.00000,
,,,00.000001170000, 100.00000,
,,,00.000001172000, 100.00000,
,,,00.000001174000,  98.00000,
,,,00.000001176000, 100.00000,
,,,00.000001178000,  98.00000,
,,,00.000001180000,  96.00000,
,,,00.000001182000, 100.00000,
,,,00.000001184000,  98.00000,
,,,00.000001186000, 100.00000,
,,,00.000001188000,  96.00000,
,,,00.000001190000,  96.00000,
,,,00.000001192000, 100.00000,
,,,00.000001194000,  98.00000,
,,,00.000001196000, 100.00000,
,,,00.000001198000,  96.00000,
,,,00.000001200000, 100.00000,
,,,00.000001202000, 100.00000,
,,,00.000001204000, 100.00000,
,,,00.000001206000,  98.00000,
,,,00.000001208000,  98.00000,
,,,00.000001210000,  98.00000,
,,,00.000001212000, 100.00000,
,,,00.000001214000, 102.00000,
,,,00.000001216000, 100.00000,
,,,00.000001218000,  98.00000,
,,,00.000001220000,  98.00000,
,,,00.000001222000, 100.00000,
,,,00.000001224000,  98.00000,
,,,00.000001226000,  98.00000,
,,,00.000001228000,  98.00000,
,,,00.000001230000,  98.00000,
,,,00.000001232000,  98.00000,
,,,00.000001234000, 100.00000,
,,,00.000001236000, 100.00000,
,,,00.000001238000,  98.00000,
,,,00.000001240000,  98.00000,
,,,00.000001242000, 100.00000,
,,,00.000001244000,  98.00000,
,,,00.000001246000, 100.00000,
,,,00.000001248000,  98.00000,
,,,00.000001250000, 100.00000,
,,,00.000001252000, 102.00000,
,,,00.000001254000,  98.00000,
,,,00.000001256000,  96.00000,
,,,00.000001258000,  96.00000,
,,,00.000001260000, 100.00000,
,,,00.000001262000,  96.00000,
,,,00.000001264000,  98.00000,
,,,00.000001266000, 100.00000,
,,,00.000001268000, 102.00000,
,,,00.000001270000, 100.00000,
,,,00.000001272000, 100.00000,
,,,00.000001274000,  98.00000,
,,,00.000001276000,  98.00000,
,,,00.000001278000,  98.00000,
,,,00.000001280000, 100.00000,
,,,00.000001282000,  98.00000,
,,,00.000001284000,  98.00000,
,,,00.000001286000, 100.00000,
,,,00.000001288000,  98.00000,
,,,00.000001290000,  98.00000,
,,,00.000001292000, 100.00000,
,,,00.000001294000,  98.00000,
,,,00.000001296000,  98.00000,
,,,00.000001298000, 100.00000,
,,,00.000001300000, 100.00000,
,,,00.000001302000,  98.00000,
,,,00.000001304000,  98.00000,
,,,00.000001306000,  98.00000,
,,,00.000001308000, 100.00000,
,,,00.000001310000,  98.00000,
,,,00.000001312000, 100.00000,
,,,00.000001314000, 100.00000,
,,,00.000001316000, 100.00000,
,,,00.000001318000, 100.00000,
,,,00.000001320000,  96.00000,
,,,00.000001322000,  98.00000,
,,,00.000001324000,  98.00000,
,,,00.000001326000,  98.00000,
,,,00.000001328000,  94.00000,
,,,00.000001330000, 100.00000,
,,,00.000001332000,  98.00000,
,,,00.000001334000,  98.00000,
,,,00.000001336000,  98.00000,
,,,00.000001338000, 100.00000,
,,,00.000001340000,  98.00000,
,,,00.000001342000, 100.00000,
,,,00.000001344000, 100.00000,
,,,00.000001346000,  98.00000,
,,,00.000001348000,  98.00000,
,,,00.000001350000, 100.00000,
,,,00.000001352000, 102.00000,
,,,00.000001354000,  96.00000,
,,,00.000001356000, 100.00000,
,,,00.000001358000, 102.00000,
,,,00.000001360000,  96.00000,
,,,00.000001362000, 100.00000,
,,,00.000001364000,  98.00000,
,,,00.000001366000,  98.00000,
,,,00.000001368000,  98.00000,
,,,00.000001370000,  98.00000,
,,,00.000001372000, 100.00000,
,,,00.000001374000, 100.00000,
,,,00.000001376000,  96.00000,
,,,00.000001378000,  98.00000,
,,,00.000001380000, 100.00000,
,,,00.000001382000, 100.00000,
,,,00.000001384000,  98.00000,
,,,00.000001386000,  98.00000,
,,,00.000001388000,  98.00000,
,,,00.000001390000,  98.00000,
,,,00.000001392000, 100.00000,
,,,00.000001394000, 100.00000,
,,,00.000001396000,  98.00000,
,,,00.000001398000, 100.00000,
,,,00.000001400000, 100.00000,
,,,00.000001402000, 100.00000,
,,,00.000001404000,  98.00000,
,,,00.000001406000, 100.00000,
,,,00.000001408000,  98.00000,
,,,00.000001410000,  98.00000,
,,,00.000001412000, 100.00000,
,,,00.000001414000,  98.00000,
,,,00.000001416000, 100.00000,
,,,00.000001418000, 100.00000,
,,,00.000001420000,  98.00000,
,,,00.000001422000,  98.00000,
,,,00.000001424000, 100.00000,
,,,00.000001426000,  98.00000,
,,,00.000001428000,  98.00000,
,,,00.000001430000,  98.00000,
,,,00.000001432000, 102.00000,
,,,00.000001434000,  98.00000,
,,,00.000001436000,  98.00000,
,,,00.000001438000, 100.00000,
,,,00.000001440000,  98.00000,
,,,00.000001442000,  98.00000,
,,,00.000001444000, 100.00000,
,,,00.000001446000, 100.00000,
,,,00.000001448000,  98.00000,
,,,00.000001450000, 100.00000,
,,,00.000001452000,  96.00000,
,,,00.000001454000,  98.00000,
,,,00.000001456000,  98.00000,
,,,00.000001458000,  98.00000,
,,,00.000001460000,  96.00000,
,,,00.000001462000,  98.00000,
,,,00.000001464000, 100.00000,
,,,00.000001466000, 100.00000,
,,,00.000001468000, 102.00000,
,,,00.000001470000, 100.00000,
,,,00.000001472000,  98.00000,
,,,00.000001474000, 100.00000,
,,,00.000001476000,  98.00000,
,,,00.000001478000, 100.00000,
,,,00.000001480000,  96.00000,
,,,00.000001482000,  98.00000,
,,,00.000001484000,  98.00000,
,,,00.000001486000,  98.00000,
,,,00.000001488000, 100.00000,
,,,00.000001490000, 100.00000,
,,,00.000001492000, 100.00000,
,,,00.000001494000, 100.00000,
,,,00.000001496000,  98.00000,
,,,00.000001498000, 102.00000,
,,,00.000001500000, 100.00000,
,,,00.000001502000,  98.00000,
,,,00.000001504000,  98.00000,
,,,00.000001506000,  98.00000,
,,,00.000001508000, 100.00000,
,,,00.000001510000,  98.00000,
,,,00.000001512000,  98.00000,
,,,00.000001514000,  98.00000,
,,,00.000001516000, 102.00000,
,,,00.000001518000,  98.00000,
,,,00.000001520000,  98.00000,
,,,00.000001522000,  98.00000,
,,,00.000001524000,  98.00000,
,,,00.000001526000,  98.00000,
,,,00.000001528000,  98.00000,
,,,00.000001530000,  98.00000,
,,,00.000001532000,  98.00000,
,,,00.000001534000,  98.00000,
,,,00.000001536000,  98.00000,
,,,00.000001538000,  98.00000,
,,,00.000001540000,  98.00000,
,,,00.000001542000, 100.00000,
,,,00.000001544000,  98.00000,
,,,00.000001546000,  98.00000,
,,,00.000001548000,  98.00000,
,,,00.000001550000, 102.00000,
,,,00.000001552000,  98.00000,
,,,00.000001554000,  98.00000,
,,,00.000001556000, 100.00000,
,,,00.000001558000,  98.00000,
,,,00.000001560000,  98.00000,
,,,00.000001562000,  98.00000,
,,,00.000001564000,  98.00000,
,,,00.000001566000, 100.00000,
,,,00.000001568000,  96.00000,
,,,00.000001570000, 100.00000,
,,,00.000001572000, 100.00000,
,,,00.000001574000,  98.00000,
,,,00.000001576000,  98.00000,
,,,00.000001578000, 100.00000,
,,,00.000001580000,  96.00000,
,,,00.000001582000,  98.00000,
,,,00.000001584000,  96.00000,
,,,00.000001586000, 100.00000,
,,,00.000001588000,  98.00000,
,,,00.000001590000,  98.00000,
,,,00.000001592000,  98.00000,
,,,00.000001594000,  98.00000,
,,,00.000001596000, 100.00000,
,,,00.000001598000,  98.00000,
,,,00.000001600000,  98.00000,
,,,00.000001602000,  98.00000,
,,,00.000001604000,  98.00000,
,,,00.000001606000,  98.00000,
,,,00.000001608000,  98.00000,
,,,00.000001610000, 100.00000,
,,,00.000001612000,  98.00000,
,,,00.000001614000,  98.00000,
,,,00.000001616000,  98.00000,
,,,00.000001618000,  96.00000,
,,,00.000001620000,  98.00000,
,,,00.000001622000,  98.00000,
,,,00.000001624000, 100.00000,
,,,00.000001626000,  98.00000,
,,,00.000001628000,  96.00000,
,,,00.000001630000, 100.00000,
,,,00.000001632000,  98.00000,
,,,00.000001634000, 100.00000,
,,,00.000001636000,  98.00000,
,,,00.000001638000,  98.00000,
,,,00.000001640000, 100.00000,
,,,00.000001642000,  98.00000,
,,,00.000001644000, 100.00000,
,,,00.000001646000,  96.00000,
,,,00.000001648000, 100.00000,
,,,00.000001650000,  98.00000,
,,,00.000001652000,  98.00000,
,,,00.000001654000,  98.00000,
,,,00.000001656000,  98.00000,
,,,00.000001658000,  96.00000,
,,,00.000001660000,  96.00000,
,,,00.000001662000,  98.00000,
,,,00.000001664000, 100.00000,
,,,00.000001666000, 102.00000,
,,,00.000001668000, 100.00000,
,,,00.000001670000,  98.00000,
,,,00.000001672000, 100.00000,
,,,00.000001674000,  98.00000,
,,,00.000001676000, 100.00000,
,,,00.000001678000,  96.00000,
,,,00.000001680000,  98.00000,
,,,00.000001682000,  98.00000,
,,,00.000001684000,  98.00000,
,,,00.000001686000,  98.00000,
,,,00.000001688000,  98.00000,
,,,00.000001690000, 100.00000,
,,,00.000001692000, 100.00000,
,,,00.000001694000,  98.00000,
,,,00.000001696000, 102.00000,
,,,00.000001698000, 100.00000,
,,,00.000001700000,  96.00000,
,,,00.000001702000,  98.00000,
,,,00.000001704000,  98.00000,
,,,00.000001706000,  96.00000,
,,,00.000001708000, 100.00000,
,,,00.000001710000,  98.00000,
,,,00.000001712000,  98.00000,
,,,00.000001714000, 100.00000,
,,,00.000001716000,  96.00000,
,,,00.000001718000,  96.00000,
,,,00.000001720000,  98.00000,
,,,00.000001722000,  98.00000,
,,,00.000001724000,  96.00000,
,,,00.000001726000,  96.00000,
,,,00.000001728000, 100.00000,
,,,00.000001730000, 100.00000,
,,,00.000001732000, 102.00000,
,,,00.000001734000, 100.00000,
,,,00.000001736000, 100.00000,
,,,00.000001738000,  98.00000,
,,,00.000001740000, 100.00000,
,,,00.000001742000, 100.00000,
,,,00.000001744000,  98.00000,
,,,00.000001746000, 100.00000,
,,,00.000001748000, 102.00000,
,,,00.000001750000,  96.00000,
,,,00.000001752000,  98.00000,
,,,00.000001754000,  98.00000,
,,,00.000001756000,  98.00000,
,,,00.000001758000, 100.00000,
,,,00.000001760000,  98.00000,
,,,00.000001762000, 102.00000,
,,,00.000001764000, 100.00000,
,,,00.000001766000,  96.00000,
,,,00.000001768000,  98.00000,
,,,00.000001770000,  98.00000,
,,,00.000001772000,  98.00000,
,,,00.000001774000,  98.00000,
,,,00.000001776000, 100.00000,
,,,00.000001778000,  98.00000,
,,,00.000001780000,  98.00000,
,,,00.000001782000,  96.00000,
,,,00.000001784000,  98.00000,
,,,00.000001786000, 100.00000,
,,,00.000001788000,  96.00000,
,,,00.000001790000,  98.00000,
,,,00.000001792000,  98.00000,
,,,00.000001794000, 100.00000,
,,,00.000001796000, 100.00000,
,,,00.000001798000, 100.00000,
,,,00.000001800000,  98.00000,
,,,00.000001802000, 100.00000,
,,,00.000001804000,  98.00000,
,,,00.000001806000, 100.00000,
,,,00.000001808000, 100.00000,
,,,00.000001810000,  98.00000,
,,,00.000001812000, 100.00000,
,,,00.000001814000, 100.00000,
,,,00.000001816000,  98.00000,
,,,00.000001818000, 100.00000,
,,,00.000001820000,  98.00000,
,,,00.000001822000,  98.00000,
,,,00.000001824000,  98.00000,
,,,00.000001826000,  98.00000,
,,,00.000001828000,  98.00000,
,,,00.000001830000,  98.00000,
,,,00.000001832000,  98.00000,
,,,00.000001834000,  98.00000,
,,,00.000001836000,  98.00000,
,,,00.000001838000,  98.00000,
,,,00.000001840000,  98.00000,
,,,00.000001842000, 100.00000,
,,,00.000001844000, 100.00000,
,,,00.000001846000, 100.00000,
,,,00.000001848000,  96.00000,
,,,00.000001850000,  98.00000,
,,,00.000001852000,  96.00000,
,,,00.000001854000,  98.00000,
,,,00.000001856000,  98.00000,
,,,00.000001858000, 100.00000,
,,,00.000001860000, 100.00000,
,,,00.000001862000,  98.00000,
,,,00.000001864000, 102.00000,
,,,00.000001866000, 100.00000,
,,,00.000001868000,  98.00000,
,,,00.000001870000,  98.00000,
,,,00.000001872000,  96.00000,
,,,00.000001874000, 100.00000,
,,,00.000001876000,  98.00000,
,,,00.000001878000,  98.00000,
,,,00.000001880000, 100.00000,
,,,00.000001882000, 100.00000,
,,,00.000001884000, 100.00000,
,,,00.000001886000,  98.00000,
,,,00.000001888000,  98.00000,
,,,00.000001890000,  98.00000,
,,,00.000001892000,  98.00000,
,,,00.000001894000, 100.00000,
,,,00.000001896000, 100.00000,
,,,00.000001898000, 100.00000,
,,,00.000001900000,  98.00000,
,,,00.000001902000, 100.00000,
,,,00.000001904000,  96.00000,
,,,00.000001906000,  98.00000,
,,,00.000001908000, 100.00000,
,,,00.000001910000, 100.00000,
,,,00.000001912000, 102.00000,
,,,00.000001914000,  96.00000,
,,,00.000001916000,  98.00000,
,,,00.000001918000,  96.00000,
,,,00.000001920000,  98.00000,
,,,00.000001922000,  96.00000,
,,,00.000001924000,  98.00000,
,,,00.000001926000,  98.00000,
,,,00.000001928000,  98.00000,
,,,00.000001930000,  98.00000,
,,,00.000001932000, 100.00000,
,,,00.000001934000,  98.00000,
,,,00.000001936000,  98.00000,
,,,00.000001938000,  98.00000,
,,,00.000001940000, 100.00000,
,,,00.000001942000, 100.00000,
,,,00.000001944000,  98.00000,
,,,00.000001946000, 102.00000,
,,,00.000001948000,  96.00000,
,,,00.000001950000, 100.00000,
,,,00.000001952000, 100.00000,
,,,00.000001954000,  98.00000,
,,,00.000001956000,  98.00000,
,,,00.000001958000,  98.00000,
,,,00.000001960000, 100.00000,
,,,00.000001962000, 100.00000,
,,,00.000001964000,  98.00000,
,,,00.000001966000, 100.00000,
,,,00.000001968000, 100.00000,
,,,00.000001970000,  98.00000,
,,,00.000001972000,  96.00000,
,,,00.000001974000, 100.00000,
,,,00.000001976000,  96.00000,
,,,00.000001978000, 100.00000,
,,,00.000001980000,  96.00000,
,,,00.000001982000, 100.00000,
,,,00.000001984000,  98.00000,
,,,00.000001986000,  98.00000,
,,,00.000001988000,  98.00000,
,,,00.000001990000, 100.00000,
,,,00.000001992000,  98.00000,
,,,00.000001994000, 100.00000,
,,,00.000001996000,  98.00000,
,,,00.000001998000,  98.00000,
,,,00.000002000000, 100.00000,
,,,00.000002002000,  98.00000,
,,,00.000002004000, 100.00000,
,,,00.000002006000, 100.00000,
,,,00.000002008000, 100.00000,
,,,00.000002010000, 100.00000,
,,,00.000002012000, 100.00000,
,,,00.000002014000, 100.00000,
,,,00.000002016000,  98.00000,
,,,00.000002018000,  98.00000,
,,,00.000002020000, 100.00000,
,,,00.000002022000,  98.00000,
,,,00.000002024000,  98.00000,
,,,00.000002026000, 100.00000,
,,,00.000002028000,  98.00000,
,,,00.000002030000,  96.00000,
,,,00.000002032000,  98.00000,
,,,00.000002034000,  98.00000,
,,,00.000002036000, 100.00000,
,,,00.000002038000, 100.00000,
,,,00.000002040000, 102.00000,
,,,00.000002042000,  98.00000,
,,,00.000002044000, 100.00000,
,,,00.000002046000,  98.00000,
,,,00.000002048000,  98.00000,
,,,00.000002050000,  98.00000,
,,,00.000002052000, 100.00000,
,,,00.000002054000,  98.00000,
,,,00.000002056000,  98.00000,
,,,00.000002058000,  98.00000,
,,,00.000002060000, 100.00000,
,,,00.000002062000, 102.00000,
,,,00.000002064000, 100.00000,
,,,00.000002066000, 100.00000,
,,,00.000002068000,  98.00000,
,,,00.000002070000,  96.00000,
,,,00.000002072000,  98.00000,
,,,00.000002074000,  98.00000,
,,,00.000002076000, 100.00000,
,,,00.000002078000,  98.00000,
,,,00.000002080000,  96.00000,
,,,00.000002082000,  96.00000,
,,,00.000002084000,  96.00000,
,,,00.000002086000,  98.00000,
,,,00.000002088000,  98.00000,
,,,00.000002090000, 100.00000,
,,,00.000002092000, 100.00000,
,,,00.000002094000, 100.00000,
,,,00.000002096000,  98.00000,
,,,00.000002098000, 100.00000,
,,,00.000002100000, 100.00000,
,,,00.000002102000,  98.00000,
,,,00.000002104000, 100.00000,
,,,00.000002106000, 100.00000,
,,,00.000002108000, 100.00000,
,,,00.000002110000, 102.00000,
,,,00.000002112000,  98.00000,
,,,00.000002114000,  98.00000,
,,,00.000002116000, 100.00000,
,,,00.000002118000,  98.00000,
,,,00.000002120000,  96.00000,
,,,00.000002122000,  98.00000,
,,,00.000002124000,  98.00000,
,,,00.000002126000,  98.00000,
,,,00.000002128000, 100.00000,
,,,00.000002130000, 102.00000,
,,,00.000002132000,  98.00000,
,,,00.000002134000, 100.00000,
,,,00.000002136000, 100.00000,
,,,00.000002138000, 100.00000,
,,,00.000002140000,  96.00000,
,,,00.000002142000, 100.00000,
,,,00.000002144000, 100.00000,
,,,00.000002146000,  98.00000,
,,,00.000002148000,  98.00000,
,,,00.000002150000, 100.00000,
,,,00.000002152000,  96.00000,
,,,00.000002154000,  98.00000,
,,,00.000002156000,  98.00000,
,,,00.000002158000, 100.00000,
,,,00.000002160000, 100.00000,
,,,00.000002162000,  98.00000,
,,,00.000002164000, 100.00000,
,,,00.000002166000, 100.00000,
,,,00.000002168000,  98.00000,
,,,00.000002170000,  98.00000,
,,,00.000002172000,  98.00000,
,,,00.000002174000, 100.00000,
,,,00.000002176000,  98.00000,
,,,00.000002178000,  94.00000,
,,,00.000002180000, 100.00000,
,,,00.000002182000, 100.00000,
,,,00.000002184000, 100.00000,
,,,00.000002186000,  98.00000,
,,,00.000002188000, 100.00000,
,,,00.000002190000, 100.00000,
,,,00.000002192000, 100.00000,
,,,00.000002194000, 100.00000,
,,,00.000002196000,  98.00000,
,,,00.000002198000, 100.00000,
,,,00.000002200000, 100.00000,
,,,00.000002202000, 100.00000,
,,,00.000002204000, 100.00000,
,,,00.000002206000, 100.00000,
,,,00.000002208000, 100.00000,
,,,00.000002210000, 100.00000,
,,,00.000002212000,  98.00000,
,,,00.000002214000,  98.00000,
,,,00.000002216000, 100.00000,
,,,00.000002218000,  98.00000,
,,,00.000002220000, 100.00000,
,,,00.000002222000,  98.00000,
,,,00.000002224000, 100.00000,
,,,00.000002226000,  98.00000,
,,,00.000002228000,  98.00000,
,,,00.000002230000,  98.00000,
,,,00.000002232000,  96.00000,
,,,00.000002234000,  98.00000,
,,,00.000002236000,  98.00000,
,,,00.000002238000, 100.00000,
,,,00.000002240000,  98.00000,
,,,00.000002242000, 100.00000,
,,,00.000002244000,  96.00000,
,,,00.000002246000,  98.00000,
,,,00.000002248000,  96.00000,
,,,00.000002250000,  98.00000,
,,,00.000002252000,  98.00000,
,,,00.000002254000,  98.00000,
,,,00.000002256000, 100.00000,
,,,00.000002258000, 100.00000,
,,,00.000002260000, 102.00000,
,,,00.000002262000, 100.00000,
,,,00.000002264000,  98.00000,
,,,00.000002266000, 100.00000,
,,,00.000002268000, 100.00000,
,,,00.000002270000, 100.00000,
,,,00.000002272000, 100.00000,
,,,00.000002274000, 100.00000,
,,,00.000002276000,  98.00000,
,,,00.000002278000,  98.00000,
,,,00.000002280000,  98.00000,
,,,00.000002282000, 100.00000,
,,,00.000002284000,  98.00000,
,,,00.000002286000,  98.00000,
,,,00.000002288000,  98.00000,
,,,00.000002290000, 100.00000,
,,,00.000002292000, 100.00000,
,,,00.000002294000, 100.00000,
,,,00.000002296000,  98.00000,
,,,00.000002298000,  96.00000,
,,,00.000002300000, 100.00000,
,,,00.000002302000, 100.00000,
,,,00.000002304000,  98.00000,
,,,00.000002306000,  98.00000,
,,,00.000002308000, 102.00000,
,,,00.000002310000,  98.00000,
,,,00.000002312000,  96.00000,
,,,00.000002314000, 100.00000,
,,,00.000002316000,  98.00000,
,,,00.000002318000,  96.00000,
,,,00.000002320000, 100.00000,
,,,00.000002322000,  98.00000,
,,,00.000002324000,  98.00000,
,,,00.000002326000, 102.00000,
,,,00.000002328000, 100.00000,
,,,00.000002330000, 100.00000,
,,,00.000002332000, 100.00000,
,,,00.000002334000, 100.00000,
,,,00.000002336000,  98.00000,
,,,00.000002338000,  96.00000,
,,,00.000002340000,  98.00000,
,,,00.000002342000, 102.00000,
,,,00.000002344000,  98.00000,
,,,00.000002346000,  98.00000,
,,,00.000002348000, 100.00000,
,,,00.000002350000,  96.00000,
,,,00.000002352000,  98.00000,
,,,00.000002354000,  98.00000,
,,,00.000002356000, 100.00000,
,,,00.000002358000,  98.00000,
,,,00.000002360000,  98.00000,
,,,00.000002362000,  98.00000,
,,,00.000002364000, 100.00000,
,,,00.000002366000,  98.00000,
,,,00.000002368000,  98.00000,
,,,00.000002370000, 100.00000,
,,,00.000002372000, 100.00000,
,,,00.000002374000, 102.00000,
,,,00.000002376000,  98.00000,
,,,00.000002378000,  98.00000,
,,,00.000002380000,  98.00000,
,,,00.000002382000,  98.00000,
,,,00.000002384000, 100.00000,
,,,00.000002386000,  98.00000,
,,,00.000002388000,  98.00000,
,,,00.000002390000, 100.00000,
,,,00.000002392000, 100.00000,
,,,00.000002394000, 100.00000,
,,,00.000002396000,  98.00000,
,,,00.000002398000,  98.00000,
,,,00.000002400000, 100.00000,
,,,00.000002402000, 102.00000,
,,,00.000002404000,  98.00000,
,,,00.000002406000, 100.00000,
,,,00.000002408000, 102.00000,
,,,00.000002410000,  98.00000,
,,,00.000002412000,  98.00000,
,,,00.000002414000,  96.00000,
,,,00.000002416000, 100.00000,
,,,00.000002418000, 100.00000,
,,,00.000002420000,  98.00000,
,,,00.000002422000, 100.00000,
,,,00.000002424000,  98.00000,
,,,00.000002426000,  98.00000,
,,,00.000002428000,  98.00000,
,,,00.000002430000,  98.00000,
,,,00.000002432000,  98.00000,
,,,00.000002434000, 100.00000,
,,,00.000002436000, 100.00000,
,,,00.000002438000, 100.00000,
,,,00.000002440000, 100.00000,
,,,00.000002442000,  98.00000,
,,,00.000002444000,  98.00000,
,,,00.000002446000,  98.00000,
,,,00.000002448000,  98.00000,
,,,00.000002450000,  96.00000,
,,,00.000002452000,  98.00000,
,,,00.000002454000, 100.00000,
,,,00.000002456000, 100.00000,
,,,00.000002458000, 104.00000,
,,,00.000002460000, 100.00000,
,,,00.000002462000,  98.00000,
,,,00.000002464000,  98.00000,
,,,00.000002466000,  98.00000,
,,,00.000002468000,  98.00000,
,,,00.000002470000,  96.00000,
,,,00.000002472000,  98.00000,
,,,00.000002474000,  98.00000,
,,,00.000002476000, 100.00000,
,,,00.000002478000, 100.00000,
,,,00.000002480000,  98.00000,
,,,00.000002482000, 100.00000,
,,,00.000002484000, 100.00000,
,,,00.000002486000, 100.00000,
,,,00.000002488000, 100.00000,
,,,00.000002490000, 102.00000,
,,,00.000002492000,  98.00000,
,,,00.000002494000,  96.00000,
,,,00.000002496000,  98.00000,
,,,00.000002498000,  98.00000,
,,,00.000002500000, 100.00000,
,,,00.000002502000, 100.00000,
,,,00.000002504000,  98.00000,
,,,00.000002506000, 102.00000,
,,,00.000002508000,  98.00000,
,,,00.000002510000,  98.00000,
,,,00.000002512000,  98.00000,
,,,00.000002514000,  96.00000,
,,,00.000002516000,  98.00000,
,,,00.000002518000, 100.00000,
,,,00.000002520000,  98.00000,
,,,00.000002522000,  98.00000,
,,,00.000002524000,  98.00000,
,,,00.000002526000, 102.00000,
,,,00.000002528000,  98.00000,
,,,00.000002530000,  98.00000,
,,,00.000002532000,  98.00000,
,,,00.000002534000,  98.00000,
,,,00.000002536000,  98.00000,
,,,00.000002538000, 100.00000,
,,,00.000002540000,  98.00000,
,,,00.000002542000,  96.00000,
,,,00.000002544000,  98.00000,
,,,00.000002546000,  98.00000,
,,,00.000002548000,  96.00000,
,,,00.000002550000, 100.00000,
,,,00.000002552000,  96.00000,
,,,00.000002554000, 100.00000,
,,,00.000002556000,  98.00000,
,,,00.000002558000,  98.00000,
,,,00.000002560000,  98.00000,
,,,00.000002562000, 100.00000,
,,,00.000002564000, 100.00000,
,,,00.000002566000, 100.00000,
,,,00.000002568000, 100.00000,
,,,00.000002570000,  98.00000,
,,,00.000002572000,  98.00000,
,,,00.000002574000,  98.00000,
,,,00.000002576000,  98.00000,
,,,00.000002578000,  98.00000,
,,,00.000002580000,  98.00000,
,,,00.000002582000,  98.00000,
,,,00.000002584000,  98.00000,
,,,00.000002586000,  98.00000,
,,,00.000002588000,  98.00000,
,,,00.000002590000,  98.00000,
,,,00.000002592000, 100.00000,
,,,00.000002594000,  96.00000,
,,,00.000002596000,  96.00000,
,,,00.000002598000,  98.00000,
,,,00.000002600000, 100.00000,
,,,00.000002602000, 100.00000,
,,,00.000002604000,  98.00000,
,,,00.000002606000, 100.00000,
,,,00.000002608000,  96.00000,
,,,00.000002610000,  98.00000,
,,,00.000002612000,  98.00000,
,,,00.000002614000, 100.00000,
,,,00.000002616000,  98.00000,
,,,00.000002618000,  96.00000,
,,,00.000002620000,  98.00000,
,,,00.000002622000,  98.00000,
,,,00.000002624000, 100.00000,
,,,00.000002626000, 100.00000,
,,,00.000002628000,  98.00000,
,,,00.000002630000, 100.00000,
,,,00.000002632000,  98.00000,
,,,00.000002634000,  98.00000,
,,,00.000002636000, 102.00000,
,,,00.000002638000, 100.00000,
,,,00.000002640000,  98.00000,
,,,00.000002642000,  96.00000,
,,,00.000002644000,  96.00000,
,,,00.000002646000,  96.00000,
,,,00.000002648000,  98.00000,
,,,00.000002650000, 100.00000,
,,,00.000002652000,  98.00000,
,,,00.000002654000, 100.00000,
,,,00.000002656000, 102.00000,
,,,00.000002658000, 100.00000,
,,,00.000002660000,  98.00000,
,,,00.000002662000,  98.00000,
,,,00.000002664000,  98.00000,
,,,00.000002666000,  98.00000,
,,,00.000002668000, 100.00000,
,,,00.000002670000,  98.00000,
,,,00.000002672000,  98.00000,
,,,00.000002674000,  98.00000,
,,,00.000002676000,  98.00000,
,,,00.000002678000,  98.00000,
,,,00.000002680000,  98.00000,
,,,00.000002682000,  98.00000,
,,,00.000002684000, 100.00000,
,,,00.000002686000, 100.00000,
,,,00.000002688000, 100.00000,
,,,00.000002690000,  98.00000,
,,,00.000002692000,  98.00000,
,,,00.000002694000,  98.00000,
,,,00.000002696000,  98.00000,
,,,00.000002698000, 100.00000,
,,,00.000002700000, 100.00000,
,,,00.000002702000, 100.00000,
,,,00.000002704000, 102.00000,
,,,00.000002706000,  96.00000,
,,,00.000002708000,  96.00000,
,,,00.000002710000,  98.00000,
,,,00.000002712000,  98.00000,
,,,00.000002714000,  96.00000,
,,,00.000002716000, 100.00000,
,,,00.000002718000,  96.00000,
,,,00.000002720000, 100.00000,
,,,00.000002722000, 100.00000,
,,,00.000002724000, 100.00000,
,,,00.000002726000,  98.00000,
,,,00.000002728000,  98.00000,
,,,00.000002730000,  98.00000,
,,,00.000002732000,  98.00000,
,,,00.000002734000,  98.00000,
,,,00.000002736000, 100.00000,
,,,00.000002738000, 100.00000,
,,,00.000002740000,  98.00000,
,,,00.000002742000,  96.00000,
,,,00.000002744000,  98.00000,
,,,00.000002746000,  98.00000,
,,,00.000002748000, 100.00000,
,,,00.000002750000,  98.00000,
,,,00.000002752000,  98.00000,
,,,00.000002754000, 100.00000,
,,,00.000002756000,  98.00000,
,,,00.000002758000, 100.00000,
,,,00.000002760000, 100.00000,
,,,00.000002762000,  98.00000,
,,,00.000002764000,  98.00000,
,,,00.000002766000,  98.00000,
,,,00.000002768000,  98.00000,
,,,00.000002770000, 100.00000,
,,,00.000002772000,  98.00000,
,,,00.000002774000,  98.00000,
,,,00.000002776000, 100.00000,
,,,00.000002778000,  98.00000,
,,,00.000002780000,  98.00000,
,,,00.000002782000, 100.00000,
,,,00.000002784000, 100.00000,
,,,00.000002786000, 100.00000,
,,,00.000002788000,  98.00000,
,,,00.000002790000, 100.00000,
,,,00.000002792000,  98.00000,
,,,00.000002794000,  98.00000,
,,,00.000002796000, 102.00000,
,,,00.000002798000, 100.00000,
,,,00.000002800000,  98.00000,
,,,00.000002802000, 100.00000,
,,,00.000002804000,  98.00000,
,,,00.000002806000,  98.00000,
,,,00.000002808000,  98.00000,
,,,00.000002810000,  98.00000,
,,,00.000002812000, 100.00000,
,,,00.000002814000,  98.00000,
,,,00.000002816000,  98.00000,
,,,00.000002818000, 100.00000,
,,,00.000002820000,  98.00000,
,,,00.000002822000, 100.00000,
,,,00.000002824000,  98.00000,
,,,00.000002826000,  98.00000,
,,,00.000002828000, 100.00000,
,,,00.000002830000, 100.00000,
,,,00.000002832000, 100.00000,
,,,00.000002834000,  98.00000,
,,,00.000002836000, 100.00000,
,,,00.000002838000,  98.00000,
,,,00.000002840000,  98.00000,
,,,00.000002842000,  96.00000,
,,,00.000002844000, 100.00000,
,,,00.000002846000,  98.00000,
,,,00.000002848000,  98.00000,
,,,00.000002850000, 100.00000,
,,,00.000002852000, 100.00000,
,,,00.000002854000, 102.00000,
,,,00.000002856000, 100.00000,
,,,00.000002858000,  96.00000,
,,,00.000002860000, 100.00000,
,,,00.000002862000, 100.00000,
,,,00.000002864000, 100.00000,
,,,00.000002866000,  98.00000,
,,,00.000002868000,  98.00000,
,,,00.000002870000, 100.00000,
,,,00.000002872000,  96.00000,
,,,00.000002874000,  98.00000,
,,,00.000002876000, 100.00000,
,,,00.000002878000, 100.00000,
,,,00.000002880000,  98.00000,
,,,00.000002882000, 100.00000,
,,,00.000002884000, 100.00000,
,,,00.000002886000, 100.00000,
,,,00.000002888000,  98.00000,
,,,00.000002890000,  98.00000,
,,,00.000002892000,  98.00000,
,,,00.000002894000, 100.00000,
,,,00.000002896000, 100.00000,
,,,00.000002898000, 100.00000,
,,,00.000002900000,  98.00000,
,,,00.000002902000, 102.00000,
,,,00.000002904000,  98.00000,
,,,00.000002906000,  96.00000,
,,,00.000002908000,  98.00000,
,,,00.000002910000, 100.00000,
,,,00.000002912000,  94.00000,
,,,00.000002914000,  98.00000,
,,,00.000002916000,  96.00000,
,,,00.000002918000,  98.00000,
,,,00.000002920000, 100.00000,
,,,00.000002922000, 100.00000,
,,,00.000002924000,  98.00000,
,,,00.000002926000, 100.00000,
,,,00.000002928000, 100.00000,
,,,00.000002930000,  98.00000,
,,,00.000002932000,  98.00000,
,,,00.000002934000, 100.00000,
,,,00.000002936000, 102.00000,
,,,00.000002938000,  96.00000,
,,,00.000002940000, 100.00000,
,,,00.000002942000, 100.00000,
,,,00.000002944000,  96.00000,
,,,00.000002946000, 100.00000,
,,,00.000002948000,  98.00000,
,,,00.000002950000, 100.00000,
,,,00.000002952000, 100.00000,
,,,00.000002954000,  98.00000,
,,,00.000002956000,  98.00000,
,,,00.000002958000, 100.00000,
,,,00.000002960000, 100.00000,
,,,00.000002962000,  98.00000,
,,,00.000002964000, 100.00000,
,,,00.000002966000, 100.00000,
,,,00.000002968000, 100.00000,
,,,00.000002970000,  98.00000,
,,,00.000002972000,  98.00000,
,,,00.000002974000,  98.00000,
,,,00.000002976000,  98.00000,
,,,00.000002978000, 100.00000,
,,,00.000002980000,  98.00000,
,,,00.000002982000,  98.00000,
,,,00.000002984000, 100.00000,
,,,00.000002986000, 100.00000,
,,,00.000002988000,  98.00000,
,,,00.000002990000, 100.00000,
,,,00.000002992000,  98.00000,
,,,00.000002994000,  98.00000,
,,,00.000002996000,  98.00000,
,,,00.000002998000,  96.00000,
,,,00.000003000000, 100.00000,
,,,00.000003002000, 100.00000,
,,,00.000003004000,  98.00000,
,,,00.000003006000,  98.00000,
,,,00.000003008000, 100.00000,
,,,00.000003010000,  98.00000,
,,,00.000003012000,  98.00000,
,,,00.000003014000,  98.00000,
,,,00.000003016000, 100.00000,
,,,00.000003018000, 100.00000,
,,,00.000003020000,  98.00000,
,,,00.000003022000,  96.00000,
,,,00.000003024000,  96.00000,
,,,00.000003026000,  98.00000,
,,,00.000003028000, 100.00000,
,,,00.000003030000,  98.00000,
,,,00.000003032000, 100.00000,
,,,00.000003034000, 102.00000,
,,,00.000003036000,  98.00000,
,,,00.000003038000,  98.00000,
,,,00.000003040000,  96.00000,
,,,00.000003042000, 100.00000,
,,,00.000003044000,  98.00000,
,,,00.000003046000, 100.00000,
,,,00.000003048000, 100.00000,
,,,00.000003050000, 100.00000,
,,,00.000003052000, 100.00000,
,,,00.000003054000, 100.00000,
,,,00.000003056000,  98.00000,
,,,00.000003058000, 100.00000,
,,,00.000003060000,  96.00000,
,,,00.000003062000, 100.00000,
,,,00.000003064000,  98.00000,
,,,00.000003066000,  98.00000,
,,,00.000003068000, 100.00000,
,,,00.000003070000, 100.00000,
,,,00.000003072000,  98.00000,
,,,00.000003074000,  98.00000,
,,,00.000003076000,  98.00000,
,,,00.000003078000,  98.00000,
,,,00.000003080000, 100.00000,
,,,00.000003082000, 102.00000,
,,,00.000003084000, 102.00000,
,,,00.000003086000,  98.00000,
,,,00.000003088000,  96.00000,
,,,00.000003090000,  96.00000,
,,,00.000003092000,  98.00000,
,,,00.000003094000, 100.00000,
,,,00.000003096000,  98.00000,
,,,00.000003098000, 100.00000,
,,,00.000003100000, 102.00000,
,,,00.000003102000,  98.00000,
,,,00.000003104000,  96.00000,
,,,00.000003106000,  98.00000,
,,,00.000003108000,  98.00000,
,,,00.000003110000,  96.00000,
,,,00.000003112000, 100.00000,
,,,00.000003114000,  96.00000,
,,,00.000003116000, 100.00000,
,,,00.000003118000, 100.00000,
,,,00.000003120000, 102.00000,
,,,00.000003122000, 100.00000,
,,,00.000003124000,  98.00000,
,,,00.000003126000,  98.00000,
,,,00.000003128000,  98.00000,
,,,00.000003130000,  98.00000,
,,,00.000003132000, 100.00000,
,,,00.000003134000, 100.00000,
,,,00.000003136000,  98.00000,
,,,00.000003138000,  98.00000,
,,,00.000003140000, 100.00000,
,,,00.000003142000,  96.00000,
,,,00.000003144000, 100.00000,
,,,00.000003146000,  98.00000,
,,,00.000003148000, 100.00000,
,,,00.000003150000, 100.00000,
,,,00.000003152000,  98.00000,
,,,00.000003154000, 100.00000,
,,,00.000003156000, 100.00000,
,,,00.000003158000,  98.00000,
,,,00.000003160000,  98.00000,
,,,00.000003162000,  98.00000,
,,,00.000003164000,  98.00000,
,,,00.000003166000, 100.00000,
,,,00.000003168000,  96.00000,
,,,00.000003170000,  96.00000,
,,,00.000003172000,  98.00000,
,,,00.000003174000,  96.00000,
,,,00.000003176000, 100.00000,
,,,00.000003178000,  98.00000,
,,,00.000003180000,  98.00000,
,,,00.000003182000,  98.00000,
,,,00.000003184000, 100.00000,
,,,00.000003186000, 100.00000,
,,,00.000003188000,  98.00000,
,,,00.000003190000, 100.00000,
,,,00.000003192000,  98.00000,
,,,00.000003194000, 100.00000,
,,,00.000003196000, 100.00000,
,,,00.000003198000,  96.00000,
,,,00.000003200000,  98.00000,
,,,00.000003202000,  98.00000,
,,,00.000003204000,  98.00000,
,,,00.000003206000,  96.00000,
,,,00.000003208000,  98.00000,
,,,00.000003210000,  98.00000,
,,,00.000003212000,  98.00000,
,,,00.000003214000, 100.00000,
,,,00.000003216000, 100.00000,
,,,00.000003218000,  96.00000,
,,,00.000003220000,  96.00000,
,,,00.000003222000, 100.00000,
,,,00.000003224000, 100.00000,
,,,00.000003226000,  98.00000,
,,,00.000003228000,  98.00000,
,,,00.000003230000, 100.00000,
,,,00.000003232000, 102.00000,
,,,00.000003234000,  98.00000,
,,,00.000003236000,  96.00000,
,,,00.000003238000,  98.00000,
,,,00.000003240000,  98.00000,
,,,00.000003242000,  96.00000,
,,,00.000003244000, 100.00000,
,,,00.000003246000, 102.00000,
,,,00.000003248000,  98.00000,
,,,00.000003250000, 102.00000,
,,,00.000003252000, 100.00000,
,,,00.000003254000,  98.00000,
,,,00.000003256000,  98.00000,
,,,00.000003258000,  98.00000,
,,,00.000003260000,  98.00000,
,,,00.000003262000,  98.00000,
,,,00.000003264000, 100.00000,
,,,00.000003266000,  98.00000,
,,,00.000003268000,  96.00000,
,,,00.000003270000,  98.00000,
,,,00.000003272000,  98.00000,
,,,00.000003274000,  98.00000,
,,,00.000003276000,  98.00000,
,,,00.000003278000, 100.00000,
,,,00.000003280000, 100.00000,
,,,00.000003282000, 100.00000,
,,,00.000003284000,  98.00000,
,,,00.000003286000,  98.00000,
,,,00.000003288000,  96.00000,
,,,00.000003290000,  98.00000,
,,,00.000003292000,  98.00000,
,,,00.000003294000, 100.00000,
,,,00.000003296000,  96.00000,
,,,00.000003298000, 104.00000,
,,,00.000003300000,  96.00000,
,,,00.000003302000,  96.00000,
,,,00.000003304000,  98.00000,
,,,00.000003306000,  98.00000,
,,,00.000003308000,  98.00000,
,,,00.000003310000,  98.00000,
,,,00.000003312000, 100.00000,
,,,00.000003314000, 100.00000,
,,,00.000003316000, 100.00000,
,,,00.000003318000, 100.00000,
,,,00.000003320000, 100.00000,
,,,00.000003322000,  98.00000,
,,,00.000003324000,  98.00000,
,,,00.000003326000, 100.00000,
,,,00.000003328000,  98.00000,
,,,00.000003330000, 100.00000,
,,,00.000003332000, 102.00000,
,,,00.000003334000,  98.00000,
,,,00.000003336000,  98.00000,
,,,00.000003338000, 100.00000,
,,,00.000003340000,  98.00000,
,,,00.000003342000, 100.00000,
,,,00.000003344000,  98.00000,
,,,00.000003346000, 100.00000,
,,,00.000003348000,  98.00000,
,,,00.000003350000,  98.00000,
,,,00.000003352000, 100.00000,
,,,00.000003354000, 100.00000,
,,,00.000003356000,  96.00000,
,,,00.000003358000,  98.00000,
,,,00.000003360000, 100.00000,
,,,00.000003362000,  96.00000,
,,,00.000003364000, 100.00000,
,,,00.000003366000,  96.00000,
,,,00.000003368000,  98.00000,
,,,00.000003370000,  98.00000,
,,,00.000003372000,  98.00000,
,,,00.000003374000,  98.00000,
,,,00.000003376000,  98.00000,
,,,00.000003378000, 100.00000,
,,,00.000003380000, 102.00000,
,,,00.000003382000, 100.00000,
,,,00.000003384000,  98.00000,
,,,00.000003386000,  98.00000,
,,,00.000003388000, 100.00000,
,,,00.000003390000, 100.00000,
,,,00.000003392000,  98.00000,
,,,00.000003394000,  98.00000,
,,,00.000003396000,  98.00000,
,,,00.000003398000, 100.00000,
,,,00.000003400000, 100.00000,
,,,00.000003402000, 100.00000,
,,,00.000003404000,  98.00000,
,,,00.000003406000, 100.00000,
,,,00.000003408000,  98.00000,
,,,00.000003410000,  98.00000,
,,,00.000003412000, 100.00000,
,,,00.000003414000, 100.00000,
,,,00.000003416000,  98.00000,
,,,00.000003418000,  98.00000,
,,,00.000003420000,  98.00000,
,,,00.000003422000, 100.00000,
,,,00.000003424000, 100.00000,
,,,00.000003426000,  98.00000,
,,,00.000003428000,  98.00000,
,,,00.000003430000, 100.00000,
,,,00.000003432000,  98.00000,
,,,00.000003434000, 100.00000,
,,,00.000003436000,  98.00000,
,,,00.000003438000,  98.00000,
,,,00.000003440000, 100.00000,
,,,00.000003442000, 100.00000,
,,,00.000003444000, 100.00000,
,,,00.000003446000, 102.00000,
,,,00.000003448000, 102.00000,
,,,00.000003450000, 100.00000,
,,,00.000003452000,  96.00000,
,,,00.000003454000,  98.00000,
,,,00.000003456000, 100.00000,
,,,00.000003458000,  98.00000,
,,,00.000003460000,  98.00000,
,,,00.000003462000,  98.00000,
,,,00.000003464000, 100.00000,
,,,00.000003466000,  98.00000,
,,,00.000003468000, 100.00000,
,,,00.000003470000,  98.00000,
,,,00.000003472000,  98.00000,
,,,00.000003474000,  98.00000,
,,,00.000003476000,  98.00000,
,,,00.000003478000, 100.00000,
,,,00.000003480000, 100.00000,
,,,00.000003482000,  98.00000,
,,,00.000003484000,  98.00000,
,,,00.000003486000,  98.00000,
,,,00.000003488000,  98.00000,
,,,00.000003490000, 100.00000,
,,,00.000003492000, 100.00000,
,,,00.000003494000, 100.00000,
,,,00.000003496000, 100.00000,
,,,00.000003498000,  98.00000,
,,,00.000003500000,  96.00000,
,,,00.000003502000,  98.00000,
,,,00.000003504000,  96.00000,
,,,00.000003506000,  98.00000,
,,,00.000003508000,  98.00000,
,,,00.000003510000, 100.00000,
,,,00.000003512000, 100.00000,
,,,00.000003514000, 100.00000,
,,,00.000003516000, 102.00000,
,,,00.000003518000, 100.00000,
,,,00.000003520000,  98.00000,
,,,00.000003522000,  98.00000,
,,,00.000003524000,  98.00000,
,,,00.000003526000, 100.00000,
,,,00.000003528000, 100.00000,
,,,00.000003530000, 102.00000,
,,,00.000003532000,  98.00000,
,,,00.000003534000, 100.00000,
,,,00.000003536000, 100.00000,
,,,00.000003538000,  98.00000,
,,,00.000003540000,  98.00000,
,,,00.000003542000,  98.00000,
,,,00.000003544000, 100.00000,
,,,00.000003546000, 100.00000,
,,,00.000003548000,  98.00000,
,,,00.000003550000,  98.00000,
,,,00.000003552000,  98.00000,
,,,00.000003554000,  98.00000,
,,,00.000003556000,  98.00000,
,,,00.000003558000,  98.00000,
,,,00.000003560000,  98.00000,
,,,00.000003562000, 100.00000,
,,,00.000003564000,  96.00000,
,,,00.000003566000,  96.00000,
,,,00.000003568000,  96.00000,
,,,00.000003570000,  96.00000,
,,,00.000003572000, 100.00000,
,,,00.000003574000, 100.00000,
,,,00.000003576000,  98.00000,
,,,00.000003578000, 100.00000,
,,,00.000003580000,  98.00000,
,,,00.000003582000, 100.00000,
,,,00.000003584000,  98.00000,
,,,00.000003586000,  96.00000,
,,,00.000003588000, 100.00000,
,,,00.000003590000,  98.00000,
,,,00.000003592000, 100.00000,
,,,00.000003594000,  98.00000,
,,,00.000003596000, 100.00000,
,,,00.000003598000,  98.00000,
,,,00.000003600000,  98.00000,
,,,00.000003602000,  98.00000,
,,,00.000003604000,  98.00000,
,,,00.000003606000,  98.00000,
,,,00.000003608000,  98.00000,
,,,00.000003610000, 100.00000,
,,,00.000003612000, 100.00000,
,,,00.000003614000,  98.00000,
,,,00.000003616000,  98.00000,
,,,00.000003618000,  98.00000,
,,,00.000003620000,  98.00000,
,,,00.000003622000, 100.00000,
,,,00.000003624000, 100.00000,
,,,00.000003626000,  98.00000,
,,,00.000003628000, 102.00000,
,,,00.000003630000,  98.00000,
,,,00.000003632000,  98.00000,
,,,00.000003634000,  98.00000,
,,,00.000003636000,  98.00000,
,,,00.000003638000,  98.00000,
,,,00.000003640000,  98.00000,
,,,00.000003642000, 100.00000,
,,,00.000003644000, 100.00000,
,,,00.000003646000, 100.00000,
,,,00.000003648000, 102.00000,
,,,00.000003650000,  98.00000,
,,,00.000003652000,  98.00000,
,,,00.000003654000,  96.00000,
,,,00.000003656000, 100.00000,
,,,00.000003658000,  96.00000,
,,,00.000003660000,  98.00000,
,,,00.000003662000,  98.00000,
,,,00.000003664000,  98.00000,
,,,00.000003666000,  96.00000,
,,,00.000003668000, 100.00000,
,,,00.000003670000,  98.00000,
,,,00.000003672000,  98.00000,
,,,00.000003674000,  98.00000,
,,,00.000003676000, 100.00000,
,,,00.000003678000, 100.00000,
,,,00.000003680000, 100.00000,
,,,00.000003682000,  98.00000,
,,,00.000003684000,  98.00000,
,,,00.000003686000,  98.00000,
,,,00.000003688000,  98.00000,
,,,00.000003690000,  98.00000,
,,,00.000003692000,  98.00000,
,,,00.000003694000, 100.00000,
,,,00.000003696000,  98.00000,
,,,00.000003698000,  98.00000,
,,,00.000003700000,  98.00000,
,,,00.000003702000,  98.00000,
,,,00.000003704000,  98.00000,
,,,00.000003706000,  98.00000,
,,,00.000003708000,  96.00000,
,,,00.000003710000, 100.00000,
,,,00.000003712000,  98.00000,
,,,00.000003714000, 102.00000,
,,,00.000003716000,  96.00000,
,,,00.000003718000,  98.00000,
,,,00.000003720000, 100.00000,
,,,00.000003722000,  98.00000,
,,,00.000003724000,  98.00000,
,,,00.000003726000, 100.00000,
,,,00.000003728000, 102.00000,
,,,00.000003730000,  96.00000,
,,,00.000003732000,  98.00000,
,,,00.000003734000, 100.00000,
,,,00.000003736000,  98.00000,
,,,00.000003738000, 100.00000,
,,,00.000003740000,  98.00000,
,,,00.000003742000,  98.00000,
,,,00.000003744000, 100.00000,
,,,00.000003746000,  98.00000,
,,,00.000003748000,  98.00000,
,,,00.000003750000, 100.00000,
,,,00.000003752000, 100.00000,
,,,00.000003754000,  98.00000,
,,,00.000003756000, 100.00000,
,,,00.000003758000,  98.00000,
,,,00.000003760000,  98.00000,
,,,00.000003762000,  96.00000,
,,,00.000003764000, 100.00000,
,,,00.000003766000,  98.00000,
,,,00.000003768000,  98.00000,
,,,00.000003770000, 100.00000,
,,,00.000003772000,  98.00000,
,,,00.000003774000, 100.00000,
,,,00.000003776000, 100.00000,
,,,00.000003778000, 100.00000,
,,,00.000003780000,  98.00000,
,,,00.000003782000,  96.00000,
,,,00.000003784000,  98.00000,
,,,00.000003786000, 100.00000,
,,,00.000003788000, 100.00000,
,,,00.000003790000, 100.00000,
,,,00.000003792000,  98.00000,
,,,00.000003794000, 100.00000,
,,,00.000003796000,  98.00000,
,,,00.000003798000,  98.00000,
,,,00.000003800000,  98.00000,
,,,00.000003802000,  98.00000,
,,,00.000003804000,  98.00000,
,,,00.000003806000,  96.00000,
,,,00.000003808000, 100.00000,
,,,00.000003810000,  98.00000,
,,,00.000003812000,  96.00000,
,,,00.000003814000,  98.00000,
,,,00.000003816000,  98.00000,
,,,00.000003818000,  98.00000,
,,,00.000003820000, 100.00000,
,,,00.000003822000,  98.00000,
,,,00.000003824000,  98.00000,
,,,00.000003826000, 100.00000,
,,,00.000003828000,  98.00000,
,,,00.000003830000,  98.00000,
,,,00.000003832000,  96.00000,
,,,00.000003834000, 100.00000,
,,,00.000003836000,  96.00000,
,,,00.000003838000,  98.00000,
,,,00.000003840000, 100.00000,
,,,00.000003842000,  98.00000,
,,,00.000003844000, 102.00000,
,,,00.000003846000, 100.00000,
,,,00.000003848000,  98.00000,
,,,00.000003850000, 100.00000,
,,,00.000003852000,  96.00000,
,,,00.000003854000,  98.00000,
,,,00.000003856000, 100.00000,
,,,00.000003858000,  98.00000,
,,,00.000003860000, 100.00000,
,,,00.000003862000,  98.00000,
,,,00.000003864000,  98.00000,
,,,00.000003866000,  98.00000,
,,,00.000003868000,  98.00000,
,,,00.000003870000, 100.00000,
,,,00.000003872000,  98.00000,
,,,00.000003874000, 100.00000,
,,,00.000003876000,  98.00000,
,,,00.000003878000,  98.00000,
,,,00.000003880000,  98.00000,
,,,00.000003882000,  98.00000,
,,,00.000003884000,  98.00000,
,,,00.000003886000,  98.00000,
,,,00.000003888000,  98.00000,
,,,00.000003890000,  98.00000,
,,,00.000003892000, 102.00000,
,,,00.000003894000,  96.00000,
,,,00.000003896000,  98.00000,
,,,00.000003898000,  98.00000,
,,,00.000003900000,  98.00000,
,,,00.000003902000,  96.00000,
,,,00.000003904000,  98.00000,
,,,00.000003906000,  98.00000,
,,,00.000003908000, 100.00000,
,,,00.000003910000, 100.00000,
,,,00.000003912000, 100.00000,
,,,00.000003914000, 100.00000,
,,,00.000003916000,  98.00000,
,,,00.000003918000, 100.00000,
,,,00.000003920000,  98.00000,
,,,00.000003922000, 100.00000,
,,,00.000003924000, 100.00000,
,,,00.000003926000, 100.00000,
,,,00.000003928000,  98.00000,
,,,00.000003930000,  96.00000,
,,,00.000003932000,  98.00000,
,,,00.000003934000, 100.00000,
,,,00.000003936000,  98.00000,
,,,00.000003938000,  98.00000,
,,,00.000003940000, 100.00000,
,,,00.000003942000, 100.00000,
,,,00.000003944000,  96.00000,
,,,00.000003946000, 100.00000,
,,,00.000003948000,  98.00000,
,,,00.000003950000,  98.00000,
,,,00.000003952000,  98.00000,
,,,00.000003954000,  98.00000,
,,,00.000003956000, 100.00000,
,,,00.000003958000, 100.00000,
,,,00.000003960000,  96.00000,
,,,00.000003962000,  98.00000,
,,,00.000003964000, 100.00000,
,,,00.000003966000,  98.00000,
,,,00.000003968000,  98.00000,
,,,00.000003970000,  98.00000,
,,,00.000003972000, 100.00000,
,,,00.000003974000, 100.00000,
,,,00.000003976000, 102.00000,
,,,00.000003978000,  98.00000,
,,,00.000003980000, 100.00000,
,,,00.000003982000,  98.00000,
,,,00.000003984000,  98.00000,
,,,00.000003986000, 100.00000,
,,,00.000003988000, 100.00000,
,,,00.000003990000,  98.00000,
,,,00.000003992000, 100.00000,
,,,00.000003994000,  98.00000,
,,,00.000003996000,  98.00000,
,,,00.000003998000,  98.00000,
,,,00.000004000000,  98.00000,
,,,00.000004002000,  98.00000,
,,,00.000004004000,  98.00000,
,,,00.000004006000, 102.00000,
,,,00.000004008000, 100.00000,
,,,00.000004010000,  98.00000,
,,,00.000004012000,  96.00000,
,,,00.000004014000,  98.00000,
,,,00.000004016000,  98.00000,
,,,00.000004018000,  98.00000,
